subject,session,data_source,structured_data,channel,signal,stimulus,block,mean_baseline,std_baseline,mean_task,std_task,task_minus_baseline,area_under_curve_task,time_to_peak,time_to_nadir
101,1,1,1,1,1,1,1,-0.079285,3.2234,2.0225,6.862,2.1018,111.11,22,4
101,1,1,1,1,2,1,1,-0.62191,1.4858,-0.047585,2.0509,0.57433,-5.5031,1,40
101,1,1,1,2,1,1,1,1.6936,5.6047,0.65991,7.6422,-1.0337,37.842,30,7
101,1,1,1,2,2,1,1,-0.47997,1.3901,-0.076588,1.531,0.40338,-5.6152,30,18
101,1,1,1,4,1,1,1,1.9611,3.8321,0.66096,5.8071,-1.3001,39.86,29,43
101,1,1,1,4,2,1,1,-0.87871,1.9394,0.62706,2.781,1.5058,29.735,9,40
101,1,1,1,11,1,1,1,-1.1943,4.3146,2.2346,7.1343,3.4289,123.27,28,1
101,1,1,1,11,2,1,1,-0.35355,0.67513,0.74321,1.6119,1.0968,39.547,20,41
101,1,1,1,12,1,1,1,0.084036,2.4967,1.0376,4.3193,0.95361,58.926,29,4
101,1,1,1,12,2,1,1,0.82202,0.94261,-0.43601,1.9157,-1.258,-24.218,2,24
101,1,1,1,14,1,1,1,2.3164,3.9264,1.305,6.0835,-1.0114,75.561,28,51
101,1,1,1,14,2,1,1,-0.4926,1.1257,0.13033,1.8108,0.62293,4.7355,52,19
101,1,1,1,17,1,1,1,-0.59031,5.2313,2.8853,9.0701,3.4756,158.6,28,51
101,1,1,1,17,2,1,1,-0.98684,1.3671,0.52628,1.946,1.5131,25.195,12,37
101,1,1,1,19,1,1,1,-0.20286,6.6742,2.6128,10.607,2.8157,146.82,22,1
101,1,1,1,19,2,1,1,-0.67303,1.2279,0.4573,1.3583,1.1303,21.787,52,38
101,1,1,1,20,1,1,1,0.36559,6.1737,0.97083,7.6586,0.60525,60.151,25,52
101,1,1,1,20,2,1,1,-1.4856,2.993,0.845,3.727,2.3306,37.204,1,36
101,1,1,1,21,1,1,1,0.59786,3.6979,1.3919,6.0944,0.79403,78.869,30,52
101,1,1,1,21,2,1,1,-0.84983,1.6083,0.28152,2.3046,1.1313,11.801,13,37
101,1,1,1,22,1,1,1,-1.6063,6.0715,3.6013,10.119,5.2076,196.34,24,1
101,1,1,1,22,2,1,1,-0.54929,0.68298,0.8351,1.4975,1.3844,43.22,20,40
101,1,1,1,23,1,1,1,2.1787,1.6417,-0.1967,3.0138,-2.3754,-6.4396,35,5
101,1,1,1,23,2,1,1,0.63751,1.1623,-0.44334,1.5529,-1.0809,-25.732,1,26
101,1,1,1,24,1,1,1,0.25501,2.7594,1.5388,4.7365,1.2838,84.533,30,2
101,1,1,1,24,2,1,1,0.33474,0.49744,0.1102,1.0402,-0.22454,5.0209,9,40
102,1,1,1,1,1,1,1,-1.8193,3.5213,3.0303,4.69,4.8496,153.11,18,40
102,1,1,1,1,2,1,1,-0.81826,0.71529,0.47388,0.91017,1.2921,24.126,19,41
102,1,1,1,2,1,1,1,-1.5019,3.3651,3.0437,4.855,4.5456,157.87,28,41
102,1,1,1,2,2,1,1,0.15513,0.2575,-0.057091,0.57294,-0.21223,-3.4177,50,35
102,1,1,1,3,1,1,1,-1.8412,3.0381,2.8287,4.1337,4.6699,142.96,13,41
102,1,1,1,3,2,1,1,-0.62075,0.54306,0.080388,0.59892,0.70114,3.3949,51,36
102,1,1,1,4,1,1,1,-0.5774,2.9762,2.0795,3.6704,2.6569,105.03,28,40
102,1,1,1,4,2,1,1,-0.21904,0.55996,-0.76379,1.2987,-0.54474,-40.12,49,22
102,1,1,1,5,1,1,1,-2.407,2.6833,2.1915,4.0587,4.5985,113.93,27,45
102,1,1,1,5,2,1,1,3.7748,2.3527,-1.7105,2.9664,-5.4853,-88.393,43,23
102,1,1,1,6,1,1,1,-0.9716,2.6966,2.5544,3.807,3.526,130.87,28,42
102,1,1,1,6,2,1,1,-0.11708,0.6098,-0.57712,0.92978,-0.46003,-30.302,43,23
102,1,1,1,7,1,1,1,-1.2852,2.1176,1.9717,3.1332,3.2569,100.92,28,45
102,1,1,1,7,2,1,1,0.81404,1.5588,-1.3599,2.3202,-2.1739,-70.697,45,28
102,1,1,1,8,1,1,1,-1.4065,2.3054,2.0903,3.314,3.4968,105.76,18,38
102,1,1,1,8,2,1,1,-0.25838,0.31471,-0.069057,0.35961,0.18932,-3.9105,52,34
102,1,1,1,9,1,1,1,-1.101,2.3265,1.9243,3.1872,3.0254,97.464,28,38
102,1,1,1,9,2,1,1,0.13665,1.5612,-1.3611,2.4866,-1.4977,-71.341,48,28
102,1,1,1,10,1,1,1,-1.3574,1.6604,1.4092,2.0636,2.7666,71.423,29,37
102,1,1,1,10,2,1,1,0.9939,0.51863,-0.81839,1.1048,-1.8123,-42.062,45,23
102,1,1,1,11,1,1,1,-1.5517,2.4158,1.8253,3.0682,3.3771,91.26,20,39
102,1,1,1,11,2,1,1,-0.27281,0.32957,-0.21936,0.51628,0.053454,-11.87,52,34
102,1,1,1,12,1,1,1,-1.2044,1.9173,1.7862,2.7397,2.9906,90.629,17,38
102,1,1,1,12,2,1,1,-0.14902,0.4074,-0.56706,0.87141,-0.41805,-29.17,44,21
102,1,1,1,13,1,1,1,-3.166,8.6724,7.2053,13.103,10.371,372.3,26,39
102,1,1,1,13,2,1,1,2.8986,9.7357,-3.112,9.9779,-6.0106,-167.88,46,34
102,1,1,1,14,1,1,1,-0.48305,2.953,1.9968,3.4601,2.4799,102.75,29,41
102,1,1,1,14,2,1,1,-0.42951,0.73274,0.14424,0.42578,0.57375,7.2612,52,41
102,1,1,1,16,1,1,1,0.22039,1.9244,1.2011,2.3488,0.98067,61.628,19,37
102,1,1,1,16,2,1,1,-0.30485,0.20923,-0.07988,0.2993,0.22497,-4.4545,52,24
102,1,1,1,17,1,1,1,-0.73894,2.2998,1.9044,2.991,2.6434,97.436,27,37
102,1,1,1,17,2,1,1,-0.20257,0.50418,-0.089794,0.45406,0.11278,-4.2712,34,3
102,1,1,1,18,1,1,1,-0.63341,3.7242,2.4894,4.5393,3.1228,126.32,26,37
102,1,1,1,18,2,1,1,1.6488,5.1549,-1.9952,5.6775,-3.6439,-107.35,47,29
102,1,1,1,19,1,1,1,-0.32023,2.6293,1.8889,3.1551,2.2092,97.633,29,37
102,1,1,1,19,2,1,1,-0.14244,0.6878,-0.32705,0.8193,-0.18462,-16.117,35,1
102,1,1,1,21,1,1,1,-0.90319,2.6011,2.1874,3.4694,3.0906,113.32,29,38
102,1,1,1,21,2,1,1,0.14149,0.48881,-0.74914,1.2123,-0.89063,-38.429,37,22
102,1,1,1,22,1,1,1,-1.4525,2.8362,1.6416,2.8504,3.0941,82.691,15,38
102,1,1,1,22,2,1,1,0.0052477,0.28948,-0.28305,0.3677,-0.28829,-14.247,41,21
102,1,1,1,24,1,1,1,-1.7493,2.5918,2.1495,3.3548,3.8988,109.36,18,38
102,1,1,1,24,2,1,1,0.096745,0.21775,-0.32823,0.43892,-0.42498,-16.904,50,28
104,1,1,1,1,1,1,1,1.3837,2.1935,0.58214,2.3636,-0.80159,31.376,31,50
104,1,1,1,1,2,1,1,-0.5543,1.2214,0.56017,1.0116,1.1145,28.896,30,44
104,1,1,1,3,1,1,1,-0.7245,1.817,0.86209,2.2723,1.5866,44.521,12,38
104,1,1,1,3,2,1,1,-0.6859,0.41148,0.036268,0.55754,0.72216,1.3989,50,9
104,1,1,1,4,1,1,1,0.082433,1.0617,0.33937,1.8481,0.25694,18.807,31,52
104,1,1,1,4,2,1,1,-0.65124,0.74012,0.32148,0.67488,0.97272,16.244,30,38
104,1,1,1,6,1,1,1,-0.21113,1.6203,1.3141,3.2232,1.5253,68.986,27,40
104,1,1,1,6,2,1,1,-0.077342,0.49837,0.39972,0.80633,0.47706,19.943,4,36
104,1,1,1,8,1,1,1,0.088439,1.8144,0.32358,1.5305,0.23514,15.762,8,38
104,1,1,1,8,2,1,1,0.14427,0.47141,-0.25953,0.54882,-0.4038,-14.421,52,13
104,1,1,1,10,1,1,1,-1.2776,3.1779,0.77837,3.1717,2.056,43.769,31,1
104,1,1,1,10,2,1,1,0.31431,0.87328,-0.31224,1.0984,-0.62655,-17.337,1,37
104,1,1,1,11,1,1,1,0.38827,2.6354,-0.55609,2.0658,-0.94436,-30.991,49,34
104,1,1,1,11,2,1,1,-0.06054,0.87264,-0.35612,1.1083,-0.29558,-19.395,51,5
104,1,1,1,13,1,1,1,0.12874,2.4334,0.77801,2.9828,0.64928,42.705,27,51
104,1,1,1,13,2,1,1,-0.68987,0.96203,0.47211,1.215,1.162,24.474,19,44
104,1,1,1,15,1,1,1,-0.33714,1.8461,0.61849,2.519,0.95562,33.345,31,37
104,1,1,1,15,2,1,1,-0.41993,1.3599,1.1785,2.6902,1.5984,62.417,31,43
104,1,1,1,16,1,1,1,-0.26317,2.2682,0.69664,2.0615,0.95981,37.23,12,38
104,1,1,1,16,2,1,1,-0.042149,0.95929,-0.12283,0.59271,-0.080682,-7.203,50,45
104,1,1,1,18,1,1,1,-0.43958,1.3624,0.33555,1.3585,0.77513,17.409,27,36
104,1,1,1,18,2,1,1,0.23184,0.9205,0.41574,1.6421,0.1839,23.278,31,46
104,1,1,1,19,1,1,1,-0.47587,1.9474,0.014048,1.7955,0.48992,-1.8707,52,37
104,1,1,1,19,2,1,1,0.26244,0.31845,-0.282,0.66362,-0.54444,-14.741,36,15
104,1,1,1,20,1,1,1,-0.11619,2.2402,1.1436,3.705,1.2598,62.197,27,51
104,1,1,1,20,2,1,1,-0.3179,1.023,0.30605,0.82138,0.62395,14.439,52,43
104,1,1,1,21,1,1,1,-0.74056,1.1012,0.47684,1.1692,1.2174,24.299,8,37
104,1,1,1,21,2,1,1,0.14874,0.35121,-0.09479,0.60683,-0.24353,-4.4774,36,8
104,1,1,1,22,1,1,1,0.0215,3.3045,-0.60954,3.1298,-0.63104,-36.238,52,25
104,1,1,1,22,2,1,1,0.1672,1.331,-0.96478,2.1207,-1.132,-52.111,50,22
104,1,1,1,23,1,1,1,-0.54541,1.5865,0.92501,2.0188,1.4704,48.464,11,39
104,1,1,1,23,2,1,1,-0.29909,0.46469,0.048933,0.50905,0.34802,2.5217,29,9
105,1,1,1,2,1,1,1,-1.2534,2.2417,1.3654,3.3105,2.6188,73.976,30,1
105,1,1,1,2,2,1,1,-0.47694,0.55496,0.071357,0.86704,0.5483,2.8779,52,43
105,1,1,1,3,1,1,1,-1.0725,0.96174,1.0336,1.6368,2.1061,53.115,14,35
105,1,1,1,3,2,1,1,0.2411,0.29565,0.0096923,0.3693,-0.23141,0.62531,30,39
105,1,1,1,4,1,1,1,-0.89278,1.2618,1.482,2.4714,2.3748,78.6,24,44
105,1,1,1,4,2,1,1,-0.14243,0.76495,-0.15759,0.79091,-0.015165,-9.2198,52,35
105,1,1,1,5,1,1,1,0.73625,2.0685,0.90406,3.0559,0.16781,50.827,30,52
105,1,1,1,5,2,1,1,0.85585,0.81121,0.63013,1.9736,-0.22572,33.247,25,45
105,1,1,1,6,1,1,1,-1.1266,1.3528,1.7842,2.9173,2.9108,93.195,19,45
105,1,1,1,6,2,1,1,-0.087919,0.87138,-0.02519,0.73774,0.062728,-2.066,51,37
105,1,1,1,7,1,1,1,-0.82885,0.86471,1.0703,1.7288,1.8991,56.17,24,44
105,1,1,1,7,2,1,1,-0.15982,0.59228,0.068773,0.6805,0.22859,3.0507,6,35
105,1,1,1,8,1,1,1,-1.0873,1.2616,1.1301,1.9471,2.2174,57.696,17,36
105,1,1,1,8,2,1,1,0.036191,0.3038,-0.37062,0.43279,-0.40681,-19.352,49,30
105,1,1,1,9,1,1,1,-0.55055,1.1233,0.96034,1.6461,1.5109,49.998,15,35
105,1,1,1,9,2,1,1,0.034571,0.53533,0.18575,0.75199,0.15118,9.1388,10,35
105,1,1,1,10,1,1,1,-0.652,1.2241,0.86691,1.854,1.5189,46.476,30,44
105,1,1,1,10,2,1,1,0.051814,0.63838,0.019111,0.55733,-0.032703,1.5918,30,48
105,1,1,1,11,1,1,1,-0.66767,1.028,0.75723,1.6281,1.4249,39.197,17,36
105,1,1,1,11,2,1,1,-0.042179,0.44243,0.082546,0.59204,0.12472,3.7589,4,37
105,1,1,1,12,1,1,1,-0.38935,0.71379,0.82261,1.4113,1.212,43.436,20,44
105,1,1,1,12,2,1,1,0.47473,0.77533,0.31498,0.98138,-0.15975,17.681,30,52
105,1,1,1,13,1,1,1,-0.74204,1.3977,0.68216,1.9598,1.4242,37.063,30,1
105,1,1,1,13,2,1,1,-0.45017,0.77242,0.3125,0.96602,0.76267,16.593,30,45
105,1,1,1,15,1,1,1,1.0707,3.6216,-0.040506,4.4736,-1.1112,4.0419,37,2
105,1,1,1,15,2,1,1,-1.0269,1.7069,0.66665,1.738,1.6936,35.861,25,46
105,1,1,1,17,1,1,1,-0.59267,1.4816,0.70928,1.6513,1.302,35.688,12,35
105,1,1,1,17,2,1,1,0.13592,0.32012,-0.25145,0.43322,-0.38737,-13.066,48,19
105,1,1,1,18,1,1,1,-0.3222,1.9777,0.95953,2.7521,1.2817,52.76,30,1
105,1,1,1,18,2,1,1,-0.60729,0.65705,0.37672,0.79443,0.98401,18.989,25,44
105,1,1,1,19,1,1,1,-0.1838,1.12,1.5459,2.779,1.7297,81.714,24,44
105,1,1,1,19,2,1,1,0.19127,0.32311,-0.13716,0.45742,-0.32844,-7.476,7,35
105,1,1,1,20,1,1,1,0.5784,3.5349,0.80273,4.3115,0.22433,47.638,30,1
105,1,1,1,20,2,1,1,-0.50041,1.1272,1.0064,1.9974,1.5068,52.64,24,45
105,1,1,1,21,1,1,1,-0.62635,1.0505,1.2993,2.2884,1.9256,68.78,24,45
105,1,1,1,21,2,1,1,0.074223,0.5515,-0.12155,0.76019,-0.19577,-7.1769,52,35
105,1,1,1,22,1,1,1,-0.90486,1.1554,0.93341,1.9072,1.8383,48.241,17,36
105,1,1,1,22,2,1,1,-0.30778,0.37716,-0.074262,0.50411,0.23352,-4.2217,49,36
105,1,1,1,23,1,1,1,-0.85243,1.1744,1.1758,2.013,2.0282,62.037,24,44
105,1,1,1,23,2,1,1,0.18606,0.49388,-0.28852,0.68052,-0.47458,-15.857,51,30
105,1,1,1,24,1,1,1,-0.78307,1.0639,0.81043,1.5806,1.5935,41.982,17,36
105,1,1,1,24,2,1,1,-0.012766,0.57913,-0.072764,0.5288,-0.059997,-4.4022,49,35
106,1,1,1,1,1,1,1,-0.61813,3.2563,1.5913,4.0481,2.2094,84.341,29,48
106,1,1,1,1,2,1,1,0.15182,1.6671,-0.15147,1.0692,-0.3033,-7.5344,49,42
106,1,1,1,2,1,1,1,1.283,4.8509,0.50506,4.7589,-0.77794,31.201,30,49
106,1,1,1,2,2,1,1,-1.81,1.9527,-0.49956,1.7102,1.3104,-26.599,48,25
106,1,1,1,3,1,1,1,-2.5238,2.4464,1.3883,3.7014,3.9121,69.948,25,34
106,1,1,1,3,2,1,1,0.20689,0.68081,0.34099,0.8034,0.1341,18.852,26,1
106,1,1,1,4,1,1,1,-0.47107,2.9304,0.7527,4.0757,1.2238,42.408,24,4
106,1,1,1,4,2,1,1,-0.29324,1.4221,0.0267,1.3623,0.31994,-0.091472,49,29
106,1,1,1,6,1,1,1,-1.692,2.5616,1.7497,4.661,3.4417,93.161,26,38
106,1,1,1,6,2,1,1,-0.49669,1.3991,0.98073,1.7835,1.4774,50.071,12,38
106,1,1,1,8,1,1,1,-1.8153,2.9757,1.5068,4.1568,3.3221,76.58,25,35
106,1,1,1,8,2,1,1,-0.39429,0.62094,0.56877,1.1213,0.96305,30.039,26,38
106,1,1,1,9,1,1,1,-0.80032,2.4867,1.1664,4.1681,1.9668,62.714,24,7
106,1,1,1,9,2,1,1,-0.16631,0.95427,0.1716,0.81866,0.33791,8.5205,47,35
106,1,1,1,10,1,1,1,0.48148,1.7158,0.35489,1.8991,-0.12659,19.147,25,48
106,1,1,1,10,2,1,1,-1.2829,0.71581,0.18453,0.52236,1.4674,8.9054,49,40
106,1,1,1,11,1,1,1,-1.2379,1.9019,1.1183,3.5059,2.3561,57.88,24,36
106,1,1,1,11,2,1,1,-0.17564,0.47761,0.13118,0.63231,0.30682,7.1626,21,40
106,1,1,1,12,1,1,1,-0.96498,1.767,0.55807,2.6267,1.523,29.2,24,4
106,1,1,1,12,2,1,1,-0.1119,0.3751,-0.52607,0.9246,-0.41417,-27.348,49,25
106,1,1,1,14,1,1,1,-1.1016,1.8845,0.82649,2.6348,1.9281,39.155,51,36
106,1,1,1,14,2,1,1,0.23381,1.4605,-0.72376,1.9069,-0.95757,-35.589,35,21
106,1,1,1,17,1,1,1,-1.8051,1.2947,1.0936,2.934,2.8987,54.402,19,36
106,1,1,1,17,2,1,1,-0.042582,0.51185,-0.07818,0.60499,-0.035597,-3.9459,10,22
106,1,1,1,20,1,1,1,4.1696,4.5157,2.0899,4.4171,-2.0796,109.44,29,49
106,1,1,1,20,2,1,1,-3.6404,1.6237,-1.3281,2.6047,2.3123,-68.249,48,8
106,1,1,1,21,1,1,1,-1.4722,4.0418,1.667,4.408,3.1391,85.497,30,45
106,1,1,1,21,2,1,1,-0.33775,1.0946,-0.34304,1.1452,-0.0052896,-18.914,49,38
106,1,1,1,22,1,1,1,-1.5092,1.6489,0.82916,2.6614,2.3384,41.332,23,37
106,1,1,1,22,2,1,1,-0.25927,0.37093,0.050313,0.43089,0.30959,2.4276,48,34
106,1,1,1,23,1,1,1,-0.54388,4.6183,1.8249,5.1638,2.3688,93.872,30,47
106,1,1,1,23,2,1,1,-0.65362,1.43,-0.59982,1.6967,0.0538,-31.581,49,25
106,1,1,1,24,1,1,1,-1.9636,3.2852,2.0954,4.5773,4.0589,107.19,29,37
106,1,1,1,24,2,1,1,-0.301,0.71293,0.020579,0.65725,0.32158,0.90079,49,42
108,1,1,1,1,1,1,1,-2.1864,2.3535,2.329,4.4555,4.5154,118.42,15,37
108,1,1,1,1,2,1,1,0.396,1.0887,-0.58578,1.2353,-0.98178,-28.28,38,1
108,1,1,1,2,1,1,1,-1.8901,2.6421,2.6689,5.0346,4.559,139.32,21,43
108,1,1,1,2,2,1,1,1.2204,0.9649,-0.16038,0.56685,-1.3808,-6.7261,44,52
108,1,1,1,3,1,1,1,-1.8905,2.8302,3.0091,4.9976,4.8996,152.87,15,38
108,1,1,1,3,2,1,1,-0.32342,1.0002,-0.066315,0.99447,0.2571,-4.6031,48,37
108,1,1,1,4,1,1,1,-1.7848,2.0053,2.315,4.3641,4.0998,119.84,18,43
108,1,1,1,4,2,1,1,0.25462,0.49773,-0.021141,0.59328,-0.27576,-0.069699,23,52
108,1,1,1,6,1,1,1,-1.3712,2.6933,3.4851,5.8473,4.8562,181.49,21,44
108,1,1,1,6,2,1,1,0.025083,0.33639,0.097671,0.44167,0.072588,5.2826,8,41
108,1,1,1,7,1,1,1,-2.2268,2.0484,2.0263,4.5229,4.253,101.37,14,37
108,1,1,1,7,2,1,1,0.68625,1.1855,-0.17433,1.4179,-0.86059,-6.7555,29,1
108,1,1,1,8,1,1,1,-1.2858,3.3896,3.4448,5.5025,4.7306,180.48,20,46
108,1,1,1,8,2,1,1,-0.0060534,0.98172,0.60763,1.1452,0.61368,32.973,30,52
108,1,1,1,9,1,1,1,-2.1819,2.2283,2.8704,5.0955,5.0523,146,15,38
108,1,1,1,9,2,1,1,-0.10876,0.28582,-0.091623,0.44217,0.01714,-4.1514,45,1
108,1,1,1,10,1,1,1,-2.1742,1.8373,1.5441,3.5918,3.7184,76.857,8,37
108,1,1,1,10,2,1,1,0.56822,0.6596,0.26743,0.94666,-0.30079,14.039,6,41
108,1,1,1,11,1,1,1,-1.4874,1.8336,2.3444,3.6735,3.8318,120.59,19,38
108,1,1,1,11,2,1,1,-0.10836,0.47595,-0.025105,0.45818,0.083259,-0.70791,46,1
108,1,1,1,13,1,1,1,-2.7427,2.5225,1.1046,2.9581,3.8473,55.448,19,38
108,1,1,1,13,2,1,1,-0.046762,0.77393,0.34822,1.0743,0.39498,17.806,29,42
108,1,1,1,14,1,1,1,-2.1759,2.2995,1.6872,3.5835,3.8631,84.007,16,36
108,1,1,1,14,2,1,1,-0.058595,0.64754,-0.36997,0.54514,-0.31138,-19.015,49,43
108,1,1,1,16,1,1,1,-2.0788,2.2973,2.2588,4.3942,4.3376,115.12,17,37
108,1,1,1,16,2,1,1,0.13624,0.70259,-0.47691,0.83677,-0.61315,-24.863,46,17
108,1,1,1,17,1,1,1,-1.6853,2.3476,2.6913,4.3539,4.3766,137.6,19,44
108,1,1,1,17,2,1,1,-0.13628,0.5722,0.14053,0.51439,0.27681,7.4678,30,40
108,1,1,1,18,1,1,1,-2.4397,2.725,0.97027,3.7975,3.41,46.901,8,37
108,1,1,1,18,2,1,1,-0.1191,0.94261,-0.19408,1.0146,-0.074988,-9.1905,44,11
108,1,1,1,19,1,1,1,-1.6125,2.1218,2.1094,4.109,3.7219,108.16,17,37
108,1,1,1,19,2,1,1,-0.32285,1.1286,-0.44838,1.1656,-0.12553,-24.445,46,36
108,1,1,1,20,1,1,1,-2.3803,2.0053,2.2796,3.9118,4.6598,117.23,14,37
108,1,1,1,20,2,1,1,-0.21095,0.51685,-0.52908,1.2902,-0.31813,-27.34,44,17
108,1,1,1,21,1,1,1,-1.9324,2.4854,2.0275,4.0117,3.9598,102.59,15,37
108,1,1,1,21,2,1,1,0.013997,0.50966,0.087388,0.29566,0.073392,4.8479,28,51
108,1,1,1,22,1,1,1,-1.2748,1.5194,1.569,2.7949,2.8438,79.388,18,38
108,1,1,1,22,2,1,1,-0.15536,0.75072,-0.15322,0.67778,0.0021348,-8.8383,49,39
108,1,1,1,23,1,1,1,-1.7671,1.9843,2.0986,3.6573,3.8657,107.22,20,37
108,1,1,1,23,2,1,1,-0.2916,0.38179,-0.31927,0.83867,-0.027674,-17.059,46,38
108,1,1,1,24,1,1,1,-1.5419,2.1348,2.3085,3.7685,3.8504,118.6,22,38
108,1,1,1,24,2,1,1,0.16259,0.43731,-0.083227,0.4105,-0.24582,-4.4613,35,42
109,1,1,1,1,1,1,1,-0.39808,1.7986,0.87561,2.9532,1.2737,47.576,19,35
109,1,1,1,1,2,1,1,-0.34171,1.4961,0.39738,1.2975,0.73909,20.632,30,42
109,1,1,1,2,1,1,1,-0.28855,3.5166,-0.069288,2.3917,0.21926,-3.5708,43,34
109,1,1,1,2,2,1,1,-0.26753,0.67673,-0.35886,1.4532,-0.091333,-21.577,52,18
109,1,1,1,4,1,1,1,1.1018,1.8445,-0.02346,1.5958,-1.1253,-1.0351,11,38
109,1,1,1,4,2,1,1,1.1701,0.54839,-0.74154,1.8017,-1.9116,-40.53,52,5
109,1,1,1,5,1,1,1,1.9279,1.2929,-1.4757,4.7633,-3.4035,-76.076,41,5
109,1,1,1,5,2,1,1,1.8688,0.60507,-1.358,2.7402,-3.2268,-72.948,52,5
109,1,1,1,6,1,1,1,-0.46471,1.5929,0.6178,2.1156,1.0825,31.415,10,39
109,1,1,1,6,2,1,1,0.46959,0.51484,-0.72708,1.6856,-1.1967,-39.638,52,4
109,1,1,1,7,1,1,1,-3.9583,2.7132,2.0772,5.9177,6.0355,109.32,5,34
109,1,1,1,7,2,1,1,-2.2873,0.80627,1.0141,3.4112,3.3014,51.903,5,31
109,1,1,1,8,1,1,1,0.64026,1.0996,-0.18368,1.635,-0.82394,-10.724,31,5
109,1,1,1,8,2,1,1,0.96698,0.33907,-0.75812,1.5064,-1.7251,-40.373,34,5
109,1,1,1,9,1,1,1,-4.0336,1.8336,2.5711,5.23,6.6047,133.63,5,38
109,1,1,1,9,2,1,1,-2.2817,0.81807,0.86258,2.3845,3.1443,44.073,5,36
109,1,1,1,11,1,1,1,0.085606,1.2038,0.30356,1.3397,0.21796,15.261,18,39
109,1,1,1,11,2,1,1,0.34818,0.32085,-0.23439,0.4264,-0.58257,-12.839,1,5
109,1,1,1,12,1,1,1,-3.2613,2.4927,2.4404,5.4207,5.7017,126.09,5,38
109,1,1,1,12,2,1,1,-1.7512,0.55397,1.1227,2.444,2.8739,58.326,5,41
109,1,1,1,13,1,1,1,-1.0442,1.4098,0.39586,1.2609,1.4401,20.949,28,39
109,1,1,1,13,2,1,1,-0.47811,0.61232,0.16038,0.8313,0.63849,7.5774,30,5
109,1,1,1,14,1,1,1,-2.671,2.6259,2.3779,5.8181,5.0489,125.29,19,39
109,1,1,1,14,2,1,1,-0.90833,0.83826,0.73231,1.5925,1.6406,37.794,26,43
109,1,1,1,15,1,1,1,-0.8045,1.3171,-0.19775,1.9855,0.60675,-8.0172,42,7
109,1,1,1,15,2,1,1,-0.44255,0.34823,0.07442,0.50709,0.51697,2.5407,52,35
109,1,1,1,16,1,1,1,0.15994,2.8976,-0.61964,2.7569,-0.77958,-34.221,43,30
109,1,1,1,16,2,1,1,0.15915,0.39038,-0.54085,1.3288,-0.7,-30.047,52,21
109,1,1,1,18,1,1,1,-0.40782,1.4529,-0.30697,1.5427,0.10085,-14.806,43,7
109,1,1,1,18,2,1,1,0.068052,0.36079,-0.42284,1.1096,-0.49089,-23.681,52,21
109,1,1,1,19,1,1,1,0.22445,2.4615,0.41147,3.3863,0.18702,20.755,5,31
109,1,1,1,19,2,1,1,0.80064,0.87685,-0.56891,1.3186,-1.3696,-30.643,1,31
109,1,1,1,20,1,1,1,-0.33375,1.5815,-0.10377,2.8755,0.22998,-2.1288,35,9
109,1,1,1,20,2,1,1,0.38927,0.43929,0.062408,0.90628,-0.32686,2.596,31,41
109,1,1,1,21,1,1,1,2.9443,2.3187,-1.3139,2.4823,-4.2582,-69.646,46,26
109,1,1,1,21,2,1,1,1.8618,1.087,-1.4649,2.3955,-3.3267,-77.792,1,22
109,1,1,1,22,1,1,1,0.094272,2.3224,0.20308,2.902,0.10881,8.6553,5,31
109,1,1,1,22,2,1,1,0.2612,0.82522,-0.43099,1.2707,-0.69219,-23.678,2,31
109,1,1,1,23,1,1,1,1.9027,2.077,-1.4012,3.4024,-3.3039,-75.263,48,25
109,1,1,1,23,2,1,1,1.2138,0.58668,-1.1371,2.2437,-2.3509,-61.1,1,17
109,1,1,1,24,1,1,1,0.63911,1.9232,0.0062321,1.7888,-0.63288,-1.7725,2,39
109,1,1,1,24,2,1,1,0.28556,0.36442,-0.38177,0.81994,-0.66733,-20.952,1,31
112,1,1,1,1,1,1,1,-0.18377,6.0703,1.1201,3.6721,1.3039,56.728,23,38
112,1,1,1,1,2,1,1,-0.49528,0.94393,0.05052,0.89278,0.5458,3.9643,34,1
112,1,1,1,2,1,1,1,1.6289,5.0484,-0.27422,3.548,-1.9032,-15.666,6,36
112,1,1,1,2,2,1,1,-1.4911,0.74487,0.15234,0.91949,1.6435,7.118,52,17
112,1,1,1,3,1,1,1,-0.3857,4.5258,1.2648,3.2943,1.6505,61.361,2,39
112,1,1,1,3,2,1,1,-0.3444,0.66058,0.035337,0.63494,0.37974,1.993,35,48
112,1,1,1,4,1,1,1,-0.022447,4.9683,1.2381,3.3031,1.2605,61.727,23,39
112,1,1,1,4,2,1,1,-0.37742,0.49184,-0.14176,0.81975,0.23566,-8.6006,52,31
112,1,1,1,5,1,1,1,1.4413,3.2016,-1.3682,2.3839,-2.8096,-72.748,6,30
112,1,1,1,5,2,1,1,-0.83393,0.53903,-0.10887,0.95072,0.72506,-6.4765,52,14
112,1,1,1,6,1,1,1,-0.54112,4.0714,1.1169,3.113,1.658,54.513,29,39
112,1,1,1,6,2,1,1,0.24985,0.20605,-0.34208,0.66011,-0.59193,-18.088,36,21
112,1,1,1,7,1,1,1,-0.71147,4.0543,0.49167,2.722,1.2031,22.814,50,38
112,1,1,1,7,2,1,1,-0.2125,1.0597,0.21858,1.1124,0.43108,12.242,35,51
112,1,1,1,8,1,1,1,-1.0699,4.9416,1.4928,3.7032,2.5628,71.97,1,39
112,1,1,1,8,2,1,1,-0.42379,0.40372,0.34776,0.52079,0.77155,17.841,6,39
112,1,1,1,9,1,1,1,-1.7082,4.9134,2.0309,4.9319,3.7391,103.79,25,39
112,1,1,1,9,2,1,1,-0.53499,1.1116,0.38052,1.1281,0.91551,19.696,25,37
112,1,1,1,10,1,1,1,-0.9944,4.6087,0.54142,3.207,1.5358,25.09,50,38
112,1,1,1,10,2,1,1,-0.55919,1.004,0.476,1.0747,1.0352,25.721,26,1
112,1,1,1,11,1,1,1,-0.56232,4.2457,1.1207,3.3545,1.683,55.247,24,38
112,1,1,1,11,2,1,1,-0.26906,0.49162,0.20279,0.61367,0.47185,10.166,6,38
112,1,1,1,12,1,1,1,-0.79078,4.1253,1.2718,3.5154,2.0626,63.85,24,38
112,1,1,1,12,2,1,1,-0.18951,0.66523,0.43752,1.09,0.62704,23.017,25,39
112,1,1,1,13,1,1,1,0.87709,2.7942,-0.036573,1.7921,-0.91367,-3.6364,1,38
112,1,1,1,13,2,1,1,-0.65731,0.71518,0.23226,0.3834,0.88957,11.649,30,44
112,1,1,1,14,1,1,1,-0.27304,3.7775,0.79442,2.6683,1.0675,37.739,2,38
112,1,1,1,14,2,1,1,-0.1737,0.24611,-0.085712,0.31425,0.087991,-4.9054,2,26
112,1,1,1,15,1,1,1,1.4529,1.5165,-0.74626,1.1011,-2.1992,-38.928,1,11
112,1,1,1,15,2,1,1,-0.79414,0.75621,0.083174,0.60231,0.87731,3.2701,52,15
112,1,1,1,16,1,1,1,-1.2186,4.8862,1.075,3.1435,2.2936,52.316,50,38
112,1,1,1,16,2,1,1,-0.03001,0.28665,-0.1831,0.46637,-0.15308,-9.955,36,18
112,1,1,1,17,1,1,1,-0.7122,5.1697,1.0176,3.7992,1.7298,46.972,2,38
112,1,1,1,17,2,1,1,-0.17359,0.43963,-0.15069,0.56241,0.022896,-7.8507,37,22
112,1,1,1,18,1,1,1,-0.35973,2.6594,0.61619,2.1596,0.97592,30.32,29,39
112,1,1,1,18,2,1,1,-0.42296,1.0899,0.1438,0.70143,0.56675,6.5711,50,39
112,1,1,1,19,1,1,1,-1.534,5.5426,1.1221,3.7287,2.6561,53.054,49,38
112,1,1,1,19,2,1,1,-0.21295,0.66012,0.15484,0.4395,0.36779,7.292,1,38
112,1,1,1,20,1,1,1,-1.3841,3.3865,0.94749,2.4178,2.3316,46.986,50,39
112,1,1,1,20,2,1,1,-0.7847,1.1803,0.16222,0.84721,0.94692,7.0019,51,40
112,1,1,1,21,1,1,1,-1.7549,4.93,1.0976,3.3946,2.8524,51.17,51,40
112,1,1,1,21,2,1,1,0.091831,0.26843,0.037082,0.67761,-0.054749,1.1047,5,23
112,1,1,1,22,1,1,1,-2.2644,6.6274,1.6478,4.8306,3.9122,78.869,50,38
112,1,1,1,22,2,1,1,-0.35822,0.53791,0.30392,0.40444,0.66214,15.581,15,37
112,1,1,1,23,1,1,1,-1.7233,3.7879,1.2884,2.8705,3.0117,63.517,50,39
112,1,1,1,23,2,1,1,-0.021286,0.33126,0.089255,0.29239,0.11054,4.5797,10,26
112,1,1,1,24,1,1,1,-2.6721,5.7792,1.8162,4.4003,4.4882,88.603,50,39
112,1,1,1,24,2,1,1,-0.16436,0.52195,0.16333,0.55995,0.32768,8.5011,10,36
113,1,1,1,1,1,1,1,-2.5163,4.1097,4.0185,7.3894,6.5349,207,19,42
113,1,1,1,1,2,1,1,-0.32527,0.62693,-0.43185,1.4811,-0.10658,-22.491,44,24
113,1,1,1,2,1,1,1,-0.5137,3.0295,3.7064,6.3269,4.2201,193.94,27,42
113,1,1,1,2,2,1,1,-0.81495,1.2843,0.95205,1.6269,1.767,49.188,26,43
113,1,1,1,3,1,1,1,-2.6872,4.0444,4.0331,7.776,6.7203,206.53,13,42
113,1,1,1,3,2,1,1,-0.0013381,1.0383,-0.82056,1.9839,-0.81923,-42.426,44,23
113,1,1,1,4,1,1,1,-1.3171,4.0981,3.5037,6.7909,4.8208,180.23,18,42
113,1,1,1,4,2,1,1,-0.70582,0.60492,0.034765,1.0831,0.74058,0.05069,52,34
113,1,1,1,5,1,1,1,-2.0219,3.2379,4.0006,6.2984,6.0225,212.51,27,45
113,1,1,1,5,2,1,1,-0.7718,0.4655,0.26409,0.5487,1.0359,12.958,52,45
113,1,1,1,6,1,1,1,-1.8707,3.8003,4.1205,8.3972,5.9911,212.37,18,42
113,1,1,1,6,2,1,1,-0.33557,1.0267,-0.76127,1.8927,-0.4257,-41.063,44,17
113,1,1,1,7,1,1,1,-1.4304,5.3357,4.4256,9.0088,5.856,235.46,26,43
113,1,1,1,7,2,1,1,-0.68508,0.99436,0.15892,0.84639,0.84401,7.6568,34,40
113,1,1,1,8,1,1,1,-2.4262,2.7863,3.857,6.7961,6.2832,199.68,19,42
113,1,1,1,8,2,1,1,-0.62416,0.76677,-0.049325,1.0081,0.57483,-3.5416,7,34
113,1,1,1,9,1,1,1,-1.9386,3.718,4.3781,8.5692,6.3167,229.77,19,42
113,1,1,1,9,2,1,1,-0.81248,0.52666,-0.0071195,0.73484,0.80536,-1.6955,52,31
113,1,1,1,10,1,1,1,-1.5981,4.0054,4.057,7.5118,5.6551,214.3,26,42
113,1,1,1,10,2,1,1,-0.29178,0.20972,0.05353,0.46232,0.34531,2.1198,8,40
113,1,1,1,11,1,1,1,-2.4469,4.3939,5.1338,9.8315,7.5807,267.85,18,42
113,1,1,1,11,2,1,1,-0.82134,0.92058,-0.25117,1.2404,0.57017,-14.606,52,29
113,1,1,1,12,1,1,1,-1.7691,3.7758,3.9634,7.8717,5.7325,208.73,19,42
113,1,1,1,12,2,1,1,-0.5824,0.24962,-0.023454,0.68432,0.55894,-2.4216,52,30
113,1,1,1,13,1,1,1,-2.6832,3.7439,4.9299,8.2964,7.6131,254.9,17,42
113,1,1,1,13,2,1,1,-1.3724,1.1194,1.6766,3.0134,3.049,86.281,8,45
113,1,1,1,14,1,1,1,-2.1119,4.1695,3.6651,7.1042,5.777,189.04,22,42
113,1,1,1,14,2,1,1,0.066718,0.56908,-0.53658,1.3871,-0.6033,-27.816,43,18
113,1,1,1,15,1,1,1,-1.9497,2.9076,3.5915,6.5017,5.5412,188.68,22,42
113,1,1,1,15,2,1,1,0.065872,0.76075,-0.47168,1.326,-0.53755,-25.402,34,8
113,1,1,1,16,1,1,1,-1.4461,4.8769,3.2609,6.8114,4.707,164.17,13,42
113,1,1,1,16,2,1,1,-0.61481,0.59453,0.026261,0.76169,0.64107,-0.35375,52,17
113,1,1,1,17,1,1,1,-2.3674,5.1714,3.5032,7.4932,5.8706,178.63,22,42
113,1,1,1,17,2,1,1,0.15708,0.88453,-0.73546,1.6963,-0.89253,-38.704,46,27
113,1,1,1,18,1,1,1,-2.7894,3.5223,5.1464,9.1213,7.9358,267.93,17,42
113,1,1,1,18,2,1,1,-1.1023,0.98951,0.50483,1.5211,1.6071,25.131,7,34
113,1,1,1,19,1,1,1,-1.6768,4.4193,3.5978,7.5613,5.2746,185.53,21,42
113,1,1,1,19,2,1,1,-0.66534,0.55935,0.074493,0.7238,0.73983,2.7593,52,34
113,1,1,1,20,1,1,1,-2.9414,3.684,4.809,8.5734,7.7505,251.18,17,42
113,1,1,1,20,2,1,1,-0.69709,1.1672,0.30144,1.5947,0.99853,14.803,7,34
113,1,1,1,21,1,1,1,-1.6695,3.263,3.3359,6.1577,5.0054,173.18,18,42
113,1,1,1,21,2,1,1,-0.7004,0.81936,-0.18001,1.0057,0.52039,-10.83,52,30
113,1,1,1,22,1,1,1,-2.2254,4.2515,3.5959,7.3795,5.8213,188.61,22,42
113,1,1,1,22,2,1,1,-0.33416,0.47826,0.047667,0.58305,0.38183,1.9349,47,37
113,1,1,1,23,1,1,1,-1.8857,3.4099,3.1394,5.9898,5.0251,163.79,19,42
113,1,1,1,23,2,1,1,0.010695,0.50451,-0.46164,0.93852,-0.47234,-24.626,43,17
113,1,1,1,24,1,1,1,-2.2656,3.625,3.5374,6.652,5.8029,184.91,18,42
113,1,1,1,24,2,1,1,-0.36472,0.24891,-0.078979,0.41003,0.28574,-4.6264,52,29
114,1,1,1,9,1,1,1,-2.5875,1.3483,2.0299,3.005,4.6174,104.38,15,38
114,1,1,1,9,2,1,1,-0.035837,0.28775,0.14044,0.43145,0.17628,7.2528,28,35
114,1,1,1,11,1,1,1,-2.3843,1.6498,2.2835,3.911,4.6679,118.21,16,36
114,1,1,1,11,2,1,1,-0.16844,0.30595,0.28203,0.58777,0.45047,14.671,28,41
114,1,1,1,20,1,1,1,-0.51749,1.1902,1.5043,2.9019,2.0218,77.451,11,37
114,1,1,1,20,2,1,1,0.12456,0.86533,-0.76137,1.2091,-0.88593,-39.595,40,30
114,1,1,1,22,1,1,1,-4.4218,2.6459,3.8964,7.3806,8.3181,199.17,11,38
114,1,1,1,22,2,1,1,-0.66671,0.48353,0.70572,1.3824,1.3724,36.197,11,34
115,1,1,1,1,1,1,1,2.8181,2.9765,0.83038,2.5951,-1.9877,46.759,30,51
115,1,1,1,1,2,1,1,0.11712,0.81836,-0.72756,1.6248,-0.84467,-38.057,34,21
115,1,1,1,2,1,1,1,1.4607,2.5067,1.8391,4.0837,0.37839,101.14,15,52
115,1,1,1,2,2,1,1,-0.38127,0.78577,0.62789,1.2073,1.0092,33.527,14,1
115,1,1,1,4,1,1,1,2.2036,2.9137,1.0515,3.3233,-1.1521,57.436,30,37
115,1,1,1,4,2,1,1,-0.14816,0.70566,-0.41126,1.2499,-0.26311,-22.498,47,23
115,1,1,1,5,1,1,1,1.2422,3.5733,0.24694,3.5129,-0.9953,17.464,30,3
115,1,1,1,5,2,1,1,-0.44265,0.94497,-0.24192,1.6473,0.20073,-13.723,29,14
115,1,1,1,7,1,1,1,1.0746,3.9727,2.1682,5.1648,1.0936,118.93,14,51
115,1,1,1,7,2,1,1,-0.3928,0.72275,0.34425,1.2808,0.73705,18.732,14,29
115,1,1,1,8,1,1,1,0.74123,1.7358,0.81918,1.9411,0.077941,43.536,13,38
115,1,1,1,8,2,1,1,-0.22033,0.3149,-0.011101,0.3707,0.20922,-0.80329,8,23
115,1,1,1,9,1,1,1,1.0939,3.3656,2.4665,4.6514,1.3726,132.16,30,51
115,1,1,1,9,2,1,1,-0.39561,0.48864,0.35597,0.57736,0.75158,18.373,29,39
115,1,1,1,10,1,1,1,-0.069893,3.2733,3.7022,7.2126,3.772,198.64,15,51
115,1,1,1,10,2,1,1,-0.38668,0.43333,0.59703,1.3889,0.98371,31.874,15,43
115,1,1,1,11,1,1,1,-0.24628,2.2903,2.3771,4.5143,2.6234,124.9,15,39
115,1,1,1,11,2,1,1,-0.47611,0.3931,0.59937,0.96851,1.0755,31.261,14,39
115,1,1,1,12,1,1,1,-0.7282,3.894,5.0162,9.4277,5.7444,267.04,16,51
115,1,1,1,12,2,1,1,0.0094132,0.69876,0.51117,1.1917,0.50176,27.479,18,51
115,1,1,1,13,1,1,1,2.1137,2.6289,-0.69588,2.4327,-2.8095,-32.317,36,52
115,1,1,1,13,2,1,1,0.16803,1.0351,-0.3573,1.3424,-0.52533,-18.023,35,12
115,1,1,1,14,1,1,1,1.8054,2.6973,1.9898,3.9939,0.18436,106.01,15,38
115,1,1,1,14,2,1,1,-0.28669,0.70353,0.11533,0.56257,0.40202,6.4505,39,48
115,1,1,1,15,1,1,1,1.5253,4.3817,-0.71314,3.8295,-2.2385,-33.386,35,46
115,1,1,1,15,2,1,1,-0.79678,1.5452,0.50013,1.1542,1.2969,25.132,35,43
115,1,1,1,16,1,1,1,1.5424,2.6885,1.3882,2.7602,-0.15423,74.215,13,38
115,1,1,1,16,2,1,1,-0.41083,0.55586,-0.18941,0.93238,0.22143,-10.072,8,27
115,1,1,1,18,1,1,1,1.0236,3.9296,0.43252,3.8803,-0.59105,22.839,34,39
115,1,1,1,18,2,1,1,-0.67141,1.3228,0.044392,1.3165,0.71581,0.99938,34,45
115,1,1,1,19,1,1,1,0.90718,4.4441,2.8205,5.4519,1.9133,149.85,29,38
115,1,1,1,19,2,1,1,-0.38531,0.60814,0.77087,1.2994,1.1562,40.177,12,44
115,1,1,1,20,1,1,1,1.4732,3.3533,-0.079181,3.2851,-1.5523,-2.3103,34,46
115,1,1,1,20,2,1,1,-0.65381,1.0556,0.50483,0.76732,1.1586,25.364,34,42
115,1,1,1,21,1,1,1,0.80461,3.7056,2.3596,4.1467,1.555,123.08,30,38
115,1,1,1,21,2,1,1,-0.30048,0.64265,0.60405,0.97426,0.90452,31.198,12,44
115,1,1,1,22,1,1,1,0.092347,3.1889,2.227,4.3939,2.1346,116.99,15,39
115,1,1,1,22,2,1,1,-0.34763,0.50097,0.57753,0.92801,0.92517,30.156,14,43
115,1,1,1,23,1,1,1,1.5956,2.5943,-0.10615,2.622,-1.7018,-6.6895,34,37
115,1,1,1,23,2,1,1,0.2412,0.75721,-0.47043,1.3189,-0.71163,-25.805,3,23
115,1,1,1,24,1,1,1,0.36253,2.8148,1.0645,2.8553,0.70201,56.638,13,38
115,1,1,1,24,2,1,1,-0.037548,0.21001,0.1612,0.394,0.19875,8.2715,10,46
116,1,1,1,4,1,1,1,1.5871,2.5633,0.53115,2.6797,-1.056,30.192,37,6
116,1,1,1,4,2,1,1,-0.62504,2.7634,-0.1839,2.0818,0.44113,-8.4834,31,5
116,1,1,1,5,1,1,1,-2.4525,2.2169,1.4204,4.7586,3.8729,78.575,21,2
116,1,1,1,5,2,1,1,-0.87685,1.8429,0.82521,2.8047,1.7021,43.629,26,47
116,1,1,1,6,1,1,1,0.68227,2.9677,1.155,2.2064,0.47269,61.096,31,48
116,1,1,1,6,2,1,1,-0.42891,1.6521,-0.57492,1.0888,-0.14601,-28.841,37,1
116,1,1,1,9,1,1,1,0.38234,3.493,1.1069,2.8869,0.72457,59.306,27,49
116,1,1,1,9,2,1,1,-1.4283,2.199,-0.48996,1.1218,0.93835,-24.88,36,1
116,1,1,1,11,1,1,1,-1.8149,1.6449,1.7666,3.1114,3.5815,91.469,27,39
116,1,1,1,11,2,1,1,-1.11,0.50292,-0.18396,0.6984,0.92601,-10.14,52,33
116,1,1,1,12,1,1,1,-2.3315,5.0088,3.5212,7.7465,5.8527,185.45,29,40
116,1,1,1,12,2,1,1,-0.25699,0.73334,-0.16748,0.79409,0.089511,-9.3343,30,37
116,1,1,1,14,1,1,1,-2.128,2.6902,3.0231,4.6423,5.1511,158.21,27,1
116,1,1,1,14,2,1,1,-2.0188,0.89551,0.33954,0.8285,2.3584,16.85,52,41
116,1,1,1,15,1,1,1,0.1626,1.3394,-0.42047,1.8492,-0.58307,-19.435,31,7
116,1,1,1,15,2,1,1,0.2936,1.376,0.16855,1.8258,-0.12505,9.0113,31,45
116,1,1,1,18,1,1,1,0.37204,3.1919,1.7586,3.767,1.3866,93.539,31,47
116,1,1,1,18,2,1,1,-1.0868,0.47076,-0.36118,0.70977,0.72565,-19.507,52,34
116,1,1,1,21,1,1,1,-0.72594,1.796,2.0858,3.6745,2.8117,110.04,22,40
116,1,1,1,21,2,1,1,-2.1533,0.9278,-0.061437,1.2873,2.0918,-3.1308,27,31
116,1,1,1,22,1,1,1,-3.086,3.894,4.9643,5.2443,8.0503,261.04,22,49
116,1,1,1,22,2,1,1,-1.4398,0.94454,0.65663,0.94382,2.0965,35.233,39,1
116,1,1,1,24,1,1,1,-0.64662,2.2919,2.0874,3.6429,2.734,109.12,22,40
116,1,1,1,24,2,1,1,-1.1045,0.49125,-0.15061,0.57018,0.95386,-8.0529,27,33
118,1,1,1,1,1,1,1,-0.47002,3.5695,3.1593,5.5304,3.6293,167.3,24,48
118,1,1,1,1,2,1,1,-0.012933,0.82229,-0.17102,0.56761,-0.15809,-8.9873,34,43
118,1,1,1,3,1,1,1,-1.3652,4.4667,5.0203,8.9533,6.3855,263.94,24,48
118,1,1,1,3,2,1,1,-0.65769,0.65558,0.39435,1.2376,1.052,19.549,11,39
118,1,1,1,4,1,1,1,0.10228,3.1108,2.1939,4.7176,2.0916,117.21,24,48
118,1,1,1,4,2,1,1,-0.40781,0.54653,0.005123,0.4581,0.41294,0.013601,49,41
118,1,1,1,5,1,1,1,1.9918,3.4535,1.5844,6.0997,-0.40738,88.377,30,52
118,1,1,1,5,2,1,1,-1.1261,0.72025,-0.26689,1.4893,0.85922,-13.054,51,3
118,1,1,1,6,1,1,1,-0.99171,3.8005,3.7223,6.668,4.714,196.33,24,49
118,1,1,1,6,2,1,1,-0.62552,0.66191,0.37563,0.93387,1.0012,18.703,12,36
118,1,1,1,7,1,1,1,-0.19804,4.3995,2.9786,6.3183,3.1766,158.42,25,48
118,1,1,1,7,2,1,1,-0.5166,0.52828,0.17509,0.73233,0.69169,9.1081,24,41
118,1,1,1,8,1,1,1,-1.6544,3.9816,4.0409,7.1263,5.6953,212.78,24,49
118,1,1,1,8,2,1,1,0.0062033,0.55179,0.41085,1.0998,0.40464,20.173,6,38
118,1,1,1,9,1,1,1,-0.62972,2.697,2.1461,4.0106,2.7758,112.96,25,49
118,1,1,1,9,2,1,1,-0.61116,0.48819,0.25383,0.53153,0.86499,12.592,24,41
118,1,1,1,10,1,1,1,-0.33169,3.2871,2.6155,5.3191,2.9472,139.27,24,49
118,1,1,1,10,2,1,1,-0.37144,1.3706,-1.0288,2.0074,-0.65735,-55.64,51,30
118,1,1,1,11,1,1,1,-2.1468,2.0434,1.9821,3.4178,4.1289,101.96,24,39
118,1,1,1,11,2,1,1,0.59598,1.0512,-0.42178,1.1978,-1.0178,-22.259,2,24
118,1,1,1,12,1,1,1,-1.4039,2.9118,2.268,4.0709,3.6719,119.84,24,49
118,1,1,1,12,2,1,1,0.052287,1.1121,-0.55051,1.1042,-0.6028,-30.013,50,23
118,1,1,1,16,1,1,1,1.0017,3.4248,2.6437,5.1117,1.6421,140.35,25,49
118,1,1,1,16,2,1,1,-0.32347,0.5429,-0.17651,0.47322,0.14696,-9.5184,51,43
118,1,1,1,19,1,1,1,0.66122,4.0026,3.1814,5.7975,2.5202,168.12,25,49
118,1,1,1,19,2,1,1,-0.39899,0.64921,0.11972,0.65033,0.5187,5.4978,52,42
118,1,1,1,21,1,1,1,0.77081,4.48,2.7393,5.8647,1.9685,146.46,30,49
118,1,1,1,21,2,1,1,-0.82238,0.67681,0.077093,0.63769,0.89947,3.334,52,41
118,1,1,1,22,1,1,1,-1.084,3.1014,3.0677,5.0563,4.1517,160.46,30,50
118,1,1,1,22,2,1,1,0.20176,0.5432,0.22278,0.85431,0.021019,10.241,8,40
118,1,1,1,23,1,1,1,-0.47647,5.1472,4.0116,7.5287,4.488,213.27,24,49
118,1,1,1,23,2,1,1,0.074001,0.70406,-0.30953,0.59971,-0.38354,-16.244,48,42
118,1,1,1,24,1,1,1,-1.0622,2.8858,2.559,4.651,3.6212,134.61,23,49
118,1,1,1,24,2,1,1,0.089371,0.87447,0.074644,1.0149,-0.014727,2.7472,12,44
120,1,1,1,8,1,1,1,-1.5589,2.1053,1.4766,3.3798,3.0355,78.421,13,39
120,1,1,1,8,2,1,1,0.11416,0.46514,0.12469,0.49341,0.010531,6.0472,49,6
124,1,1,1,1,1,1,1,-3.0977,2.2557,4.688,11.519,7.7857,248.89,14,42
124,1,1,1,1,2,1,1,-1.4054,0.52755,0.9288,1.6233,2.3342,48.666,14,36
124,1,1,1,3,1,1,1,-1.4412,0.78894,0.23765,2.1242,1.6788,11.598,16,42
124,1,1,1,3,2,1,1,-0.14784,1.0992,0.37522,1.1144,0.52306,20.533,30,2
124,1,1,1,4,1,1,1,-2.6631,3.1082,5.2436,11.702,7.9068,278.55,15,42
124,1,1,1,4,2,1,1,-1.735,0.71396,0.97461,1.876,2.7096,50.424,14,36
124,1,1,1,5,1,1,1,0.080232,1.2821,1.9857,2.9482,1.9054,105.26,22,52
124,1,1,1,5,2,1,1,-0.50736,0.48536,-0.22577,0.86523,0.28159,-12.293,52,42
124,1,1,1,6,1,1,1,-4.2361,3.0763,2.4583,5.3262,6.6944,125.09,15,42
124,1,1,1,6,2,1,1,-2.1052,1.1111,0.55661,1.1462,2.6618,26.962,52,37
124,1,1,1,7,1,1,1,-1.5644,2.2522,2.4387,5.1799,4.003,129.09,15,42
124,1,1,1,7,2,1,1,-1.3371,0.56858,0.76523,1.12,2.1024,39.684,24,43
124,1,1,1,8,1,1,1,-2.2478,1.8775,1.1962,3.4238,3.444,62.66,14,43
124,1,1,1,8,2,1,1,-0.55444,1.116,0.63195,0.9643,1.1864,32.881,43,46
124,1,1,1,9,1,1,1,-3.2553,2.2679,2.5533,5.2288,5.8085,132.81,15,42
124,1,1,1,9,2,1,1,-1.5941,0.90886,0.61774,0.96514,2.2119,30.732,8,36
124,1,1,1,10,1,1,1,-1.0723,2.1562,1.2138,3.1313,2.2861,64.855,15,42
124,1,1,1,10,2,1,1,-0.45754,0.46257,0.60074,0.98898,1.0583,31.705,28,48
124,1,1,1,11,1,1,1,-2.0662,2.1294,1.529,3.7118,3.5953,80.438,15,43
124,1,1,1,11,2,1,1,-1.006,0.40094,0.82985,0.64561,1.8359,41.981,10,37
124,1,1,1,12,1,1,1,-1.5022,1.3382,0.35556,2.8504,1.8577,15.683,52,36
124,1,1,1,12,2,1,1,-0.75571,0.57237,0.66793,0.80484,1.4236,34.385,33,42
124,1,1,1,13,1,1,1,-0.36884,2.6715,2.4434,4.9339,2.8123,128.7,29,45
124,1,1,1,13,2,1,1,-0.35029,1.4128,0.79896,1.9757,1.1493,43.105,29,49
124,1,1,1,14,1,1,1,-1.2568,2.8877,2.6543,5.6894,3.911,137.1,14,42
124,1,1,1,14,2,1,1,0.17393,1.1362,0.20111,1.3472,0.027179,12.185,30,52
124,1,1,1,16,1,1,1,-1.7954,3.2535,2.3333,4.9645,4.1286,122.53,22,42
124,1,1,1,16,2,1,1,-0.72717,0.20537,0.081284,0.46984,0.80846,4.1665,30,16
124,1,1,1,17,1,1,1,-3.3382,3.6798,1.7378,4.5037,5.076,91.174,27,42
124,1,1,1,17,2,1,1,-0.50066,1.7925,0.84235,2.4901,1.343,46.018,30,3
124,1,1,1,18,1,1,1,-2.7554,3.8604,2.7919,5.0444,5.5473,146.09,22,42
124,1,1,1,18,2,1,1,-1.0439,0.54926,0.53573,0.8818,1.5796,27.645,21,41
124,1,1,1,19,1,1,1,-3.28,5.1766,2.8831,7.1057,6.1631,152.78,24,43
124,1,1,1,19,2,1,1,-1.0354,0.54219,0.50324,0.68763,1.5386,26.057,29,49
124,1,1,1,20,1,1,1,-2.5623,2.6898,2.1676,4.0312,4.7299,114.28,27,42
124,1,1,1,20,2,1,1,-1.0458,0.81204,0.34708,1.3385,1.3929,19.068,25,1
124,1,1,1,21,1,1,1,-4.0536,4.075,3.1475,5.8075,7.2011,164.49,17,42
124,1,1,1,21,2,1,1,-1.3965,0.54732,0.53181,0.54454,1.9283,26.317,52,35
124,1,1,1,22,1,1,1,-0.95096,1.7587,0.64752,2.3812,1.5985,33.377,20,42
124,1,1,1,22,2,1,1,-0.73469,0.69085,0.81007,1.1849,1.5448,43.027,17,2
124,1,1,1,23,1,1,1,-2.9521,2.4799,2.1125,4.4879,5.0646,107.54,19,40
124,1,1,1,23,2,1,1,-0.74022,0.59848,0.72355,1.041,1.4638,38.362,22,46
124,1,1,1,24,1,1,1,-3.6497,4.0396,2.9494,5.9069,6.5991,149.73,9,40
124,1,1,1,24,2,1,1,-0.22488,3.0204,-0.18458,3.2938,0.040299,-7.9257,40,8
125,1,1,1,2,1,1,1,0.33921,3.6498,1.0812,2.0393,0.74203,55.656,36,39
125,1,1,1,2,2,1,1,-1.4789,0.97038,0.50179,1.9034,1.9807,24.659,5,33
125,1,1,1,4,1,1,1,-4.5945,5.3319,3.0513,9.8401,7.6458,166.8,21,42
125,1,1,1,4,2,1,1,-1.6295,0.96519,0.61685,2.7049,2.2464,30.859,7,38
125,1,1,1,6,1,1,1,-1.5251,2.4854,0.62781,2.8061,2.1529,32.282,17,42
125,1,1,1,6,2,1,1,-0.65004,1.8171,0.076066,2.1894,0.7261,1.5107,5,33
125,1,1,1,7,1,1,1,-0.62078,4.9818,0.79758,3.4851,1.4184,41.732,36,43
125,1,1,1,7,2,1,1,0.60819,1.8401,-0.95707,3.1957,-1.5653,-54.279,52,27
125,1,1,1,9,1,1,1,-3.7456,4.2527,2.1183,6.3711,5.8639,112.8,30,48
125,1,1,1,9,2,1,1,-0.85549,0.70646,0.24327,0.85056,1.0988,11.011,1,34
125,1,1,1,10,1,1,1,0.20805,2.7668,0.38909,2.2144,0.18103,21.86,35,2
125,1,1,1,10,2,1,1,-1.1944,0.99797,-0.30043,1.2394,0.89392,-16.651,44,33
125,1,1,1,11,1,1,1,-2.4667,5.1375,1.6527,6.3203,4.1194,88.206,32,42
125,1,1,1,11,2,1,1,0.38922,1.2152,-0.36351,1.5091,-0.75273,-21.215,52,24
125,1,1,1,12,1,1,1,-1.2537,5.4351,1.4003,5.9691,2.654,77.147,32,47
125,1,1,1,12,2,1,1,0.069206,0.52682,-0.042869,0.68745,-0.11207,-2.9072,32,24
125,1,1,1,22,1,1,1,-1.6726,3.9917,1.278,5.0508,2.9506,70.124,31,42
125,1,1,1,22,2,1,1,-1.3342,1.0612,0.63384,1.7628,1.968,34.038,13,52
129,1,1,1,1,1,1,1,0.62156,4.8702,0.57298,5.0019,-0.048582,34.71,35,1
129,1,1,1,1,2,1,1,-1.5854,0.889,1.4361,2.2903,3.0215,75.57,23,42
129,1,1,1,4,1,1,1,1.7516,3.043,-0.52558,3.454,-2.2771,-24.837,34,6
129,1,1,1,4,2,1,1,-0.049151,0.69683,-0.089244,1.3922,-0.040093,-6.0034,51,13
129,1,1,1,5,1,1,1,-0.70286,1.2809,1.84,2.5351,2.5429,95.591,23,39
129,1,1,1,5,2,1,1,-1.5591,1.2672,1.3138,1.0641,2.8729,66.599,51,34
129,1,1,1,6,1,1,1,0.061653,2.1353,0.73473,2.7874,0.67308,39.785,24,48
129,1,1,1,6,2,1,1,-0.33711,0.4565,0.24142,0.40938,0.57853,11.618,52,42
129,1,1,1,7,1,1,1,-1.4841,1.6426,1.5422,3.3179,3.0264,80.816,15,39
129,1,1,1,7,2,1,1,-0.87844,1.4342,0.4886,1.2515,1.367,24.211,49,35
129,1,1,1,8,1,1,1,-0.6815,2.2151,2.5005,6.3852,3.182,131.78,17,39
129,1,1,1,8,2,1,1,-0.12138,0.66282,0.21815,0.95769,0.33953,10.958,15,35
129,1,1,1,9,1,1,1,-0.24643,2.3044,1.4414,6.8097,1.6878,81.096,16,52
129,1,1,1,9,2,1,1,-0.35717,1.2019,0.24474,0.98186,0.6019,13.067,16,35
129,1,1,1,10,1,1,1,-2.2012,3.8381,2.6815,5.9452,4.8827,138.58,16,42
129,1,1,1,10,2,1,1,-0.087628,1.8178,0.23965,1.249,0.32728,11.373,49,34
129,1,1,1,11,1,1,1,-1.9339,3.7887,3.9825,11.337,5.9164,211.86,16,39
129,1,1,1,11,2,1,1,-0.28089,1.5583,0.43467,1.9107,0.71556,23.029,15,34
129,1,1,1,12,1,1,1,-3.3539,3.2337,4.6912,12.828,8.0451,252.3,14,39
129,1,1,1,12,2,1,1,-1.2365,0.81111,1.2683,3.255,2.5048,68.882,14,51
129,1,1,1,13,1,1,1,2.1704,2.8235,-1.562,2.9337,-3.7323,-78.531,41,5
129,1,1,1,13,2,1,1,-0.44894,0.77643,0.50844,0.82065,0.95738,25.934,44,5
129,1,1,1,14,1,1,1,1.0216,4.9771,0.092897,3.7537,-0.92874,8.0244,36,1
129,1,1,1,14,2,1,1,-0.63414,1.0401,0.39218,0.76918,1.0263,20.15,34,42
129,1,1,1,15,1,1,1,2.1185,1.7044,-1.7778,3.7299,-3.8963,-91.22,44,7
129,1,1,1,15,2,1,1,0.26022,1.1228,-0.25027,1.8831,-0.5105,-13.928,46,26
129,1,1,1,16,1,1,1,1.4925,2.3457,-0.86067,2.1869,-2.3532,-41.528,37,6
129,1,1,1,16,2,1,1,-0.70363,0.89774,0.37638,0.55933,1.08,18.563,49,40
129,1,1,1,18,1,1,1,1.6805,0.98067,-1.6233,2.5258,-3.3039,-83.012,44,8
129,1,1,1,18,2,1,1,-0.003147,1.2822,-0.37159,1.4971,-0.36845,-20.612,49,27
129,1,1,1,19,1,1,1,-0.5615,2.3657,1.0159,3.859,1.5774,55.937,22,1
129,1,1,1,19,2,1,1,-1.1622,0.89812,0.63257,1.0366,1.7948,31.437,52,39
129,1,1,1,21,1,1,1,1.1759,2.1681,-1.1329,2.7283,-2.3088,-57.883,17,35
129,1,1,1,21,2,1,1,-0.45377,1.4571,-0.097935,1.2546,0.35583,-6.7533,52,31
129,1,1,1,22,1,1,1,-0.77251,2.8109,1.137,3.0139,1.9095,59.821,27,49
129,1,1,1,22,2,1,1,-0.78507,0.60802,0.37049,0.597,1.1556,17.961,52,42
129,1,1,1,23,1,1,1,1.965,1.6732,-1.6505,1.994,-3.6155,-83.847,44,29
129,1,1,1,23,2,1,1,0.48724,1.3321,-0.45658,1.2168,-0.94382,-24.078,44,30
129,1,1,1,24,1,1,1,1.3198,1.3534,-0.27998,2.1712,-1.5998,-13.135,17,5
129,1,1,1,24,2,1,1,-0.19198,0.55193,0.12701,0.59,0.31899,5.9146,13,36
131,1,1,1,1,1,1,1,-0.070741,5.0282,2.2128,4.4273,2.2836,119.45,31,39
131,1,1,1,1,2,1,1,-0.81466,2.0417,-0.43761,1.9819,0.37705,-25.48,52,31
131,1,1,1,2,1,1,1,1.4222,3.7912,1.6129,6.2132,0.19072,92.024,31,52
131,1,1,1,2,2,1,1,-2.2066,1.6768,1.2927,3.2029,3.4993,67.918,26,43
131,1,1,1,3,1,1,1,-1.4702,5.7099,3.1527,6.6476,4.6229,170.46,31,39
131,1,1,1,3,2,1,1,-0.77308,1.1485,-0.18151,1.2825,0.59157,-11.537,52,45
131,1,1,1,4,1,1,1,0.31573,4.2445,1.3581,4.5207,1.0424,75.201,31,39
131,1,1,1,4,2,1,1,-0.35373,1.2608,-0.59289,1.6183,-0.23915,-33.54,52,31
131,1,1,1,5,1,1,1,2.0154,5.0741,1.1886,7.2517,-0.8268,71.251,31,52
131,1,1,1,5,2,1,1,-3.0678,1.3901,0.74068,2.1098,3.8085,37.099,26,44
131,1,1,1,6,1,1,1,-1.4471,4.5199,2.4387,5.5333,3.8859,132.53,31,39
131,1,1,1,6,2,1,1,-0.60645,1.56,-0.15407,1.7044,0.45239,-10.202,52,31
131,1,1,1,7,1,1,1,0.15775,3.3195,1.7545,4.2622,1.5967,93.621,11,39
131,1,1,1,7,2,1,1,-1.2103,1.2657,0.14747,1.5739,1.3578,5.7881,11,34
131,1,1,1,8,1,1,1,-1.1272,4.2213,1.343,4.0902,2.4703,71.948,31,39
131,1,1,1,8,2,1,1,0.024403,0.98705,-0.57189,1.4548,-0.5963,-31.354,51,16
131,1,1,1,11,1,1,1,-2.028,5.3231,2.1799,5.5414,4.2079,117.98,10,39
131,1,1,1,11,2,1,1,-0.18009,2.0734,-0.11499,1.8858,0.065097,-4.2875,39,9
131,1,1,1,12,1,1,1,-2.8455,6.1044,3.5704,8.3399,6.4159,192.44,28,38
131,1,1,1,12,2,1,1,-0.23338,2.8277,-0.068897,3.3524,0.16448,-3.287,50,28
131,1,1,1,13,1,1,1,1.1011,4.4337,1.8041,5.9599,0.70295,101.46,31,1
131,1,1,1,13,2,1,1,-2.0423,1.6812,1.3899,3.0868,3.4322,72.788,26,42
131,1,1,1,14,1,1,1,-0.86206,5.6526,2.6446,5.5104,3.5067,142.14,31,39
131,1,1,1,14,2,1,1,-0.44972,1.8315,-0.31321,1.5229,0.13651,-17.994,39,45
131,1,1,1,16,1,1,1,-1.6122,5.0296,2.7088,5.2647,4.321,144.87,31,39
131,1,1,1,16,2,1,1,-0.44941,1.2203,-0.17708,1.5067,0.27233,-10.728,3,31
131,1,1,1,17,1,1,1,-2.0529,4.6716,2.4579,5.2244,4.5108,130.45,12,39
131,1,1,1,17,2,1,1,-0.26062,0.6478,-0.18872,0.65248,0.071897,-10.763,39,45
131,1,1,1,18,1,1,1,0.18108,3.6878,0.69567,3.1795,0.51459,36.824,46,38
131,1,1,1,18,2,1,1,-0.18883,1.2673,-0.31663,1.1549,-0.1278,-18.153,52,31
131,1,1,1,19,1,1,1,-1.8007,4.8883,2.5949,5.3847,4.3955,138.65,31,39
131,1,1,1,19,2,1,1,-0.28159,0.91882,-0.21674,1.4011,0.064853,-12.696,4,31
131,1,1,1,20,1,1,1,-1.7214,5.725,2.8684,6.6674,4.5898,155.12,31,38
131,1,1,1,20,2,1,1,-1.5587,1.6561,1.0963,2.3982,2.6551,56.243,28,44
131,1,1,1,21,1,1,1,-1.7479,4.8805,2.0874,5.3591,3.8353,111.26,12,39
131,1,1,1,21,2,1,1,-0.40568,0.7981,-0.084201,1.1584,0.32148,-5.5454,7,31
131,1,1,1,22,1,1,1,-2.262,3.7645,2.2423,4.728,4.5044,117.84,10,38
131,1,1,1,22,2,1,1,0.25455,1.8041,-0.084726,1.4528,-0.33928,-3.505,38,46
131,1,1,1,23,1,1,1,-2.2334,7.0271,2.0823,7.0857,4.3157,109.64,11,38
131,1,1,1,23,2,1,1,0.35959,0.97522,-0.51887,1.1532,-0.87846,-28.48,2,28
131,1,1,1,24,1,1,1,-1.7981,4.0211,1.5865,4.4878,3.3846,83.287,11,39
131,1,1,1,24,2,1,1,-0.084208,1.0281,0.09201,0.80489,0.17622,5.2949,38,45
201,2,1,1,1,1,1,1,-2.6752,5.2702,2.7506,9.2091,5.4258,140.19,11,36
201,2,1,1,1,2,1,1,0.70995,1.878,-1.0126,3.9672,-1.7225,-52.114,36,11
201,2,1,1,2,1,1,1,-0.49582,5.8876,2.1886,6.8756,2.6845,124.94,28,52
201,2,1,1,2,2,1,1,-1.879,1.9454,1.8024,3.1843,3.6815,94.121,25,45
201,2,1,1,3,1,1,1,-3.053,3.2004,4.2435,9.5623,7.2965,221.51,15,38
201,2,1,1,3,2,1,1,0.14856,1.5396,-0.94237,3.4357,-1.0909,-50.353,37,14
201,2,1,1,4,1,1,1,-1.3793,1.9858,2.5341,5.7696,3.9134,135.86,15,52
201,2,1,1,4,2,1,1,-1.1917,1.021,0.24416,1.096,1.4359,11.305,29,11
201,2,1,1,6,1,1,1,-2.7507,3.5317,4.9035,10.835,7.6542,258.66,13,37
201,2,1,1,6,2,1,1,-0.061488,1.4208,-0.90975,2.7792,-0.84826,-49.718,2,15
201,2,1,1,8,1,1,1,-3.5655,3.9329,4.2495,8.0981,7.815,220.17,12,38
201,2,1,1,8,2,1,1,1.1811,1.78,-1.4373,3.9199,-2.6185,-73.725,36,12
201,2,1,1,9,1,1,1,-3.3245,5.5764,3.4133,8.7976,6.7378,175.44,12,37
201,2,1,1,9,2,1,1,-0.059993,1.7521,-0.7432,2.2472,-0.68321,-40.119,37,18
201,2,1,1,14,1,1,1,-2.5571,4.743,3.1183,8.9446,5.6754,160.58,12,37
201,2,1,1,14,2,1,1,-0.11301,2.0684,-0.50669,3.3023,-0.39368,-25.59,37,11
201,2,1,1,16,1,1,1,-2.8694,5.5904,3.7304,9.019,6.5998,194.66,13,37
201,2,1,1,16,2,1,1,-0.34188,0.70814,-0.3063,1.1025,0.035573,-17.423,1,12
201,2,1,1,17,1,1,1,-3.064,3.095,3.7244,8.1231,6.7884,193.86,16,37
201,2,1,1,17,2,1,1,0.094496,1.0057,-0.73161,2.0454,-0.82611,-38.601,37,14
201,2,1,1,18,1,1,1,-3.0817,4.4097,4.3337,9.8309,7.4154,228.24,15,37
201,2,1,1,18,2,1,1,-1.0773,1.1568,0.11783,1.138,1.1951,4.5941,37,11
201,2,1,1,19,1,1,1,-3.3112,4.9535,4.4502,10.501,7.7614,232.66,14,37
201,2,1,1,19,2,1,1,0.40908,2.0616,-1.7043,4.3805,-2.1133,-91.498,37,14
201,2,1,1,20,1,1,1,-3.2705,3.4222,4.5798,8.7481,7.8503,244.52,18,38
201,2,1,1,20,2,1,1,-0.65822,2.3781,-0.043287,1.8503,0.61493,-2.8565,33,51
201,2,1,1,21,1,1,1,-3.1187,6.7592,4.4104,11.922,7.5291,230.79,11,37
201,2,1,1,21,2,1,1,-0.43764,3.1262,-0.51754,2.7801,-0.0799,-29.581,31,12
201,2,1,1,24,1,1,1,-2.5361,7.7211,3.1898,10.254,5.726,169.6,17,38
201,2,1,1,24,2,1,1,-1.4681,6.5094,0.46992,7.3548,1.938,25.761,9,42
202,2,1,1,7,1,1,1,1.2166,4.8244,1.1367,7.265,-0.079895,64.828,26,51
202,2,1,1,7,2,1,1,-3.1277,2.6069,2.0045,2.8256,5.1322,101.89,30,41
202,2,1,1,9,1,1,1,1.1966,1.7695,0.27845,4.6347,-0.9181,15.901,21,50
202,2,1,1,9,2,1,1,-1.3571,1.2706,0.34043,1.5362,1.6975,16.551,52,31
202,2,1,1,10,1,1,1,1.2483,9.0495,2.7218,12.036,1.4735,147.37,31,52
202,2,1,1,10,2,1,1,-3.1389,2.8829,1.4223,3.786,4.5612,67.824,2,41
202,2,1,1,11,1,1,1,0.6099,2.7566,1.83,6.8788,1.2201,95.026,21,40
202,2,1,1,11,2,1,1,-0.72722,2.1537,-0.20798,1.9218,0.51924,-11.084,48,23
202,2,1,1,12,1,1,1,-1.1336,6.5656,3.5392,11.019,4.6728,187.49,24,51
202,2,1,1,12,2,1,1,-1.9425,1.2297,1.418,2.6748,3.3604,72.422,23,43
202,2,1,1,13,1,1,1,1.2374,3.3382,1.2186,5.6022,-0.018799,68.088,22,50
202,2,1,1,13,2,1,1,-1.1712,1.6776,0.83456,1.7623,2.0058,43.633,21,40
202,2,1,1,14,1,1,1,-2.3657,4.2439,3.0415,9.3422,5.4072,161.62,21,50
202,2,1,1,14,2,1,1,-1.2896,4.1802,1.5103,5.8889,2.7998,84.878,22,50
202,2,1,1,15,1,1,1,3.0461,4.5412,0.7657,6.2908,-2.2804,47.746,26,50
202,2,1,1,15,2,1,1,-1.8666,2.7908,0.98521,2.5643,2.8518,52.09,19,40
202,2,1,1,16,1,1,1,0.57249,4.673,1.8082,8.2066,1.2358,100.18,25,50
202,2,1,1,16,2,1,1,-1.15,0.61879,0.50452,0.84022,1.6546,26.14,22,40
202,2,1,1,17,1,1,1,-0.65862,3.366,2.0098,6.7385,2.6684,105.77,24,40
202,2,1,1,17,2,1,1,-1.4481,0.63837,0.38566,1.1793,1.8338,19.181,4,50
202,2,1,1,18,1,1,1,1.0371,3.7811,1.6916,7.7322,0.65446,92.671,22,50
202,2,1,1,18,2,1,1,-1.2367,0.66776,0.51061,1.3071,1.7473,26.054,20,41
202,2,1,1,19,1,1,1,0.32214,2.9985,1.4528,5.8415,1.1307,76.018,23,40
202,2,1,1,19,2,1,1,-0.97454,0.64579,-0.15091,0.57831,0.82363,-9.1024,51,30
202,2,1,1,20,1,1,1,0.2057,5.1891,2.8382,10.295,2.6325,155.37,22,50
202,2,1,1,20,2,1,1,-1.6772,1.4743,1.0266,2.1165,2.7039,54.147,19,41
202,2,1,1,21,1,1,1,0.89683,3.4597,2.0967,6.9991,1.1999,111.29,22,40
202,2,1,1,21,2,1,1,-0.99973,0.87251,0.1844,1.15,1.1841,8.6974,10,37
202,2,1,1,22,1,1,1,0.47864,2.9388,1.5118,5.5436,1.0331,77.437,23,40
202,2,1,1,22,2,1,1,-1.1362,0.54124,0.067166,0.95136,1.2033,2.6569,16,39
202,2,1,1,23,1,1,1,-0.34394,3.7174,2.7458,7.7486,3.0898,146.17,22,40
202,2,1,1,23,2,1,1,-0.47087,0.27556,0.24351,1.0563,0.71438,13.339,15,49
202,2,1,1,24,1,1,1,0.1413,3.6218,2.1085,6.5812,1.9672,108.72,20,39
202,2,1,1,24,2,1,1,-0.77819,0.76797,-0.092888,1.2523,0.6853,-4.6601,22,48
203,2,1,1,1,1,1,1,-1.2379,3.8886,2.0912,6.8919,3.3292,105.37,11,39
203,2,1,1,1,2,1,1,-1.3796,1.6201,0.22183,1.7056,1.6014,9.408,4,36
203,2,1,1,3,1,1,1,-0.067976,3.9378,2.0157,6.9826,2.0837,104.33,14,40
203,2,1,1,3,2,1,1,-0.65477,1.4129,0.17653,1.4688,0.83129,7.3624,4,38
203,2,1,1,4,1,1,1,-0.21521,4.4225,2.0587,6.6821,2.2739,104.23,10,40
203,2,1,1,4,2,1,1,-1.0894,1.3753,0.29606,1.4412,1.3855,13.655,49,40
203,2,1,1,6,1,1,1,-0.22037,5.6125,1.8971,8.8587,2.1175,94.127,5,40
203,2,1,1,6,2,1,1,-0.31784,3.1399,0.061978,3.1048,0.37982,-0.76415,3,38
203,2,1,1,7,1,1,1,-0.088797,2.7783,1.4942,4.6425,1.583,79.082,11,40
203,2,1,1,7,2,1,1,-1.5427,1.0244,1.1701,1.2129,2.7128,60.009,24,41
203,2,1,1,8,1,1,1,-1.19,3.8583,1.3973,5.2721,2.5872,71.613,9,40
203,2,1,1,8,2,1,1,0.30834,0.54846,-0.11455,0.61743,-0.42289,-6.4893,46,14
203,2,1,1,9,1,1,1,-2.8222,5.8119,3.2817,10,6.104,166.33,13,40
203,2,1,1,9,2,1,1,-1.3492,2.1143,1.0291,2.4125,2.3783,50.661,4,39
203,2,1,1,10,1,1,1,-0.67097,4.0964,3.9944,7.7446,4.6654,211.42,25,40
203,2,1,1,10,2,1,1,-1.0521,0.76023,0.76279,1.2105,1.8149,40.233,24,1
203,2,1,1,11,1,1,1,-3.2516,4.8238,3.2198,8.2961,6.4714,164.73,13,40
203,2,1,1,11,2,1,1,-0.25903,0.91428,0.62573,1.1147,0.88476,31.265,4,39
203,2,1,1,12,1,1,1,-5.0915,6.0915,5.1633,11.463,10.255,266.12,13,41
203,2,1,1,12,2,1,1,-0.38696,0.58254,0.92806,1.3722,1.315,47.613,13,40
203,2,1,1,13,1,1,1,5.8921,3.1236,-1.7396,4.7385,-7.6316,-82.447,43,52
203,2,1,1,13,2,1,1,-0.66469,3.1029,-0.87043,2.9855,-0.20574,-41.535,34,2
203,2,1,1,14,1,1,1,-1.561,3.3349,2.0539,5.2497,3.6149,105.86,10,39
203,2,1,1,14,2,1,1,-1.3269,0.57641,0.41165,0.76667,1.7386,20.797,13,44
203,2,1,1,16,1,1,1,2.9582,2.3801,-0.60406,2.2647,-3.5623,-27.962,45,52
203,2,1,1,16,2,1,1,-1.4575,1.4489,0.48537,1.5164,1.9428,26.012,29,44
203,2,1,1,17,1,1,1,-3.0629,4.5014,3.4704,8.4572,6.5333,178.07,16,40
203,2,1,1,17,2,1,1,-1.0976,0.91646,0.54321,1.1391,1.6408,26.851,6,38
203,2,1,1,19,1,1,1,-2.5171,4.8081,2.8816,7.8942,5.3987,148.44,10,40
203,2,1,1,19,2,1,1,-0.94884,1.0722,0.81741,1.5423,1.7663,41.179,10,40
203,2,1,1,21,1,1,1,-1.9399,4.7133,2.0475,6.3837,3.9874,103.03,9,40
203,2,1,1,21,2,1,1,-1.2076,1.0893,0.76572,1.3769,1.9733,39.195,12,44
203,2,1,1,22,1,1,1,-4.5426,5.2666,4.4005,10.388,8.9431,226.2,16,40
203,2,1,1,22,2,1,1,-0.95925,1.2914,1.0346,2.1701,1.9938,52.023,10,39
203,2,1,1,23,1,1,1,-0.85177,3.193,0.45722,3.385,1.309,24.361,32,40
203,2,1,1,23,2,1,1,-0.84472,1.0394,0.97208,0.97955,1.8168,49.712,37,32
203,2,1,1,24,1,1,1,-4.047,6.0031,3.4865,9.6277,7.5335,176.01,10,40
203,2,1,1,24,2,1,1,-1.0078,1.0189,0.96372,1.8638,1.9716,48.535,10,40
204,2,1,1,3,1,1,1,-0.88297,3.105,1.2102,4.755,2.0931,59.638,9,38
204,2,1,1,3,2,1,1,0.71748,0.45467,-0.3406,0.84164,-1.0581,-17.129,37,17
204,2,1,1,4,1,1,1,-1.6199,2.3988,2.3042,4.8577,3.9242,118.98,14,37
204,2,1,1,4,2,1,1,-0.14042,0.30369,0.5157,1.0951,0.65613,27.001,16,38
204,2,1,1,6,1,1,1,-1.6857,3.4993,1.8894,4.9438,3.5751,95.863,14,37
204,2,1,1,6,2,1,1,0.45734,0.28489,-0.15269,0.42326,-0.61003,-7.3986,46,38
204,2,1,1,7,1,1,1,0.017365,1.5636,1.1148,3.1313,1.0974,57.589,14,38
204,2,1,1,7,2,1,1,0.21409,0.49931,0.068178,0.54708,-0.14591,3.0066,5,38
204,2,1,1,8,1,1,1,-1.4918,4.1359,1.62,5.2784,3.1118,79.955,15,35
204,2,1,1,8,2,1,1,0.99223,0.64519,-0.7468,1.755,-1.739,-37.852,47,16
204,2,1,1,9,1,1,1,-0.90341,1.763,1.1324,3.0339,2.0358,58.292,15,37
204,2,1,1,9,2,1,1,0.27478,0.39945,-0.096878,0.44908,-0.37166,-5.2427,9,27
204,2,1,1,11,1,1,1,-1.0045,2.0991,1.6061,3.9144,2.6105,81.742,16,44
204,2,1,1,11,2,1,1,0.65756,0.7375,-0.26465,0.89454,-0.92221,-12.938,46,51
204,2,1,1,12,1,1,1,-0.74632,1.3503,1.1516,2.7849,1.8979,58.985,15,38
204,2,1,1,12,2,1,1,0.18264,0.59382,-0.14839,0.57324,-0.33103,-7.9349,9,24
204,2,1,1,13,1,1,1,0.38577,1.7926,1.101,3.7618,0.71525,60.751,14,47
204,2,1,1,13,2,1,1,-1.5666,0.54921,0.68969,1.2486,2.2562,36.27,23,49
204,2,1,1,14,1,1,1,-1.6648,1.2986,2.8497,6.5449,4.5145,147.49,14,47
204,2,1,1,14,2,1,1,0.15319,0.69171,0.026752,0.77362,-0.12643,1.3712,34,50
204,2,1,1,17,1,1,1,-0.63696,2.7415,2.286,5.9751,2.923,116.9,12,38
204,2,1,1,17,2,1,1,0.646,0.53392,0.050674,0.92857,-0.59533,4.1951,31,52
204,2,1,1,19,1,1,1,-0.76123,2.0567,1.9148,4.3563,2.676,98.438,14,37
204,2,1,1,19,2,1,1,0.052245,0.60859,0.018588,0.60604,-0.033657,0.58311,40,50
204,2,1,1,21,1,1,1,-1.3488,1.9653,2.2988,5.301,3.6475,119.76,15,38
204,2,1,1,21,2,1,1,0.13901,0.74023,-0.02121,0.73606,-0.16022,-1.4908,11,30
204,2,1,1,22,1,1,1,-0.90009,1.8276,1.5804,3.7926,2.4805,81.275,15,36
204,2,1,1,22,2,1,1,0.22284,0.48397,-0.039611,0.59471,-0.26245,-1.9624,10,34
204,2,1,1,24,1,1,1,-0.69262,1.0186,1.2811,3.4148,1.9737,66.742,14,37
204,2,1,1,24,2,1,1,0.2607,0.29227,-0.085806,0.35586,-0.34651,-4.3248,35,18
205,2,1,1,14,1,1,1,-2.2129,2.1372,0.75408,2.351,2.967,38.906,30,44
205,2,1,1,14,2,1,1,0.13695,0.46338,-0.79491,1.6385,-0.93186,-41.994,48,20
205,2,1,1,22,1,1,1,-2.8419,2.843,1.4462,4.0361,4.2881,76.228,23,44
205,2,1,1,22,2,1,1,-0.84983,1.2117,-0.28174,1.1275,0.56809,-14.95,48,22
205,2,1,1,23,1,1,1,-1.3451,1.7063,1.7382,3.856,3.0832,90.585,24,38
205,2,1,1,23,2,1,1,0.62158,0.79497,-0.063649,0.60977,-0.68523,-3.8117,44,42
206,2,1,1,1,1,1,1,-2.5082,3.3712,3.1994,6.6457,5.7076,165.86,10,41
206,2,1,1,1,2,1,1,-1.2804,1.4163,0.85771,2.4051,2.1381,42.894,9,41
206,2,1,1,2,1,1,1,-1.5912,3.6318,1.8311,5.0238,3.4224,99.135,25,43
206,2,1,1,2,2,1,1,-1.6592,0.97139,0.66831,1.3305,2.3275,35.038,21,42
206,2,1,1,3,1,1,1,-2.3836,2.8469,2.9847,5.4715,5.3682,156.5,24,40
206,2,1,1,3,2,1,1,-0.76324,1.2909,0.33285,1.7141,1.0961,15.493,6,39
206,2,1,1,4,1,1,1,-1.4987,2.5369,2.2015,4.784,3.7002,116.63,24,42
206,2,1,1,4,2,1,1,-0.96675,1.1093,0.26098,1.3608,1.2277,12.161,11,41
206,2,1,1,5,1,1,1,-1.1814,6.0208,2.1242,7.1091,3.3056,118.69,26,50
206,2,1,1,5,2,1,1,-2.8318,2.4095,1.4439,2.6764,4.2757,76.386,26,46
206,2,1,1,6,1,1,1,-2.5505,3.3212,2.8277,5.951,5.3782,147.01,9,41
206,2,1,1,6,2,1,1,-1.1044,1.686,0.49691,2.353,1.6013,23.586,8,36
206,2,1,1,7,1,1,1,-1.107,2.9845,2.1375,5.2984,3.2445,115.62,24,52
206,2,1,1,7,2,1,1,-0.9983,0.59518,0.30298,0.77337,1.3013,15.48,26,43
206,2,1,1,8,1,1,1,-2.0533,3.1263,2.3744,4.7228,4.4277,125.05,28,40
206,2,1,1,8,2,1,1,-0.65342,1.0684,0.72049,1.5013,1.3739,38.634,30,47
206,2,1,1,9,1,1,1,-1.7325,4.0286,1.5417,5.0433,3.2742,78.235,6,39
206,2,1,1,9,2,1,1,-0.66294,2.3956,-0.20116,2.4116,0.46178,-13.32,6,31
206,2,1,1,10,1,1,1,0.66516,2.9019,0.25348,4.5815,-0.41167,20.535,25,2
206,2,1,1,10,2,1,1,-1.1002,1.7644,0.2187,1.5911,1.3189,10.895,52,9
206,2,1,1,11,1,1,1,-1.4265,3.4043,1.3492,3.7563,2.7757,69.731,13,39
206,2,1,1,11,2,1,1,-0.41646,1.2953,-0.11452,1.2614,0.30194,-7.4555,48,31
206,2,1,1,12,1,1,1,-0.75891,3.3413,0.54129,2.7756,1.3002,28.078,6,39
206,2,1,1,12,2,1,1,-0.52969,1.8947,-0.23056,1.5217,0.29912,-13.573,52,30
206,2,1,1,14,1,1,1,-2.4804,2.5341,2.2701,4.8271,4.7506,119.93,24,41
206,2,1,1,14,2,1,1,-0.99877,0.47446,0.50557,1.1652,1.5043,26.188,21,42
206,2,1,1,17,1,1,1,-5.8114,4.9184,5.8139,10.434,11.625,300.91,23,41
206,2,1,1,17,2,1,1,-2.4312,1.6734,1.5918,3.8347,4.023,79.314,5,39
206,2,1,1,21,1,1,1,-2.2801,4.0036,0.90545,4.1615,3.1856,43.239,25,43
206,2,1,1,21,2,1,1,-1.3472,1.1921,0.27255,1.1135,1.6198,11.826,52,34
206,2,1,1,22,1,1,1,-2.8151,3.1816,3.0733,6.6582,5.8885,159.75,20,42
206,2,1,1,22,2,1,1,-1.6441,2.1484,0.60326,2.3665,2.2474,28.393,4,36
206,2,1,1,23,1,1,1,-2.0148,3.0864,0.99766,3.6522,3.0125,52.437,30,44
206,2,1,1,23,2,1,1,-0.6485,1.5817,0.28407,1.1223,0.93257,14.036,44,49
206,2,1,1,24,1,1,1,-2.5695,5.387,1.5547,6.5651,4.1242,74.929,14,40
206,2,1,1,24,2,1,1,-1.3799,1.4101,0.5621,2.5512,1.942,28.355,7,25
207,2,1,1,1,1,1,1,-0.62906,2.3411,1.3457,3.8814,1.9747,72.51,21,37
207,2,1,1,1,2,1,1,-0.35883,1.1019,0.035807,1.3219,0.39464,-0.1501,52,19
207,2,1,1,2,1,1,1,-0.02305,2.1533,1.6974,4.4461,1.7205,91.763,21,51
207,2,1,1,2,2,1,1,-1.4084,0.71047,0.50957,0.93785,1.9179,24.425,52,40
207,2,1,1,3,1,1,1,-0.24395,1.6792,1.0451,2.815,1.2891,55.673,23,37
207,2,1,1,3,2,1,1,-0.29443,0.411,0.067154,0.54151,0.36158,2.5418,52,45
207,2,1,1,4,1,1,1,0.31835,2.3828,0.869,3.8418,0.55065,49.269,22,51
207,2,1,1,4,2,1,1,-0.93596,0.57933,0.47899,0.60227,1.415,23.412,52,45
207,2,1,1,5,1,1,1,0.35333,1.2473,1.178,3.507,0.82468,63.783,19,51
207,2,1,1,5,2,1,1,-0.2974,0.3931,-0.27385,1.574,0.023556,-15.93,52,13
207,2,1,1,6,1,1,1,0.66358,3.069,0.91232,4.2176,0.24873,51.5,28,41
207,2,1,1,6,2,1,1,-0.93891,0.47572,0.47301,0.47265,1.4119,23.73,52,17
207,2,1,1,7,1,1,1,0.29626,2.8902,1.0708,4.2433,0.77451,60.072,23,51
207,2,1,1,7,2,1,1,-0.89054,0.44128,0.51815,0.40875,1.4087,25.94,52,40
207,2,1,1,8,1,1,1,0.52106,1.6234,0.14172,2.0654,-0.37934,9.464,28,41
207,2,1,1,8,2,1,1,-0.24238,0.34298,0.057732,0.70875,0.30011,1.8099,51,18
207,2,1,1,9,1,1,1,0.90863,3.3074,0.53198,3.7505,-0.37665,31.483,28,41
207,2,1,1,9,2,1,1,-1.0419,0.44045,0.55168,0.43545,1.5936,28.238,30,1
207,2,1,1,10,1,1,1,-0.74715,3.1955,2.1379,5.3733,2.885,115.25,21,41
207,2,1,1,10,2,1,1,-0.27716,0.78406,-0.24362,1.0373,0.033537,-14.454,51,22
207,2,1,1,11,1,1,1,0.67963,2.6404,0.31791,2.8244,-0.36171,19.253,28,42
207,2,1,1,11,2,1,1,-0.74818,0.56808,0.50855,0.55124,1.2567,26.027,30,40
207,2,1,1,12,1,1,1,-0.43761,2.8805,1.6208,4.7201,2.0584,87.582,22,41
207,2,1,1,12,2,1,1,-0.54622,0.59971,-0.010882,0.63218,0.53534,-1.8305,51,22
207,2,1,1,13,1,1,1,0.35744,5.3891,2.6928,8.2303,2.3354,146.45,23,51
207,2,1,1,13,2,1,1,-0.52023,1.8064,0.36884,2.107,0.88907,19.98,29,6
207,2,1,1,14,1,1,1,0.0048366,3.345,1.9749,5.8726,1.9701,106.34,23,41
207,2,1,1,14,2,1,1,-0.16176,1.3613,-0.27584,2.029,-0.11408,-14.703,35,16
207,2,1,1,15,1,1,1,0.071393,2.3466,1.391,3.8479,1.3196,74.601,24,50
207,2,1,1,15,2,1,1,-0.58208,0.41577,0.16443,0.93417,0.74651,7.8493,50,11
207,2,1,1,16,1,1,1,0.61847,4.3188,1.7743,6.2856,1.1558,96.848,23,41
207,2,1,1,16,2,1,1,-0.78015,0.94647,0.18036,1.3201,0.96051,8.4422,51,14
207,2,1,1,17,1,1,1,-0.59138,2.1563,1.5847,4.2681,2.1761,83.621,21,41
207,2,1,1,17,2,1,1,0.37584,0.91101,-0.37115,1.6676,-0.74699,-19.296,38,16
207,2,1,1,18,1,1,1,0.13074,2.4878,1.3723,4.0188,1.2416,73.721,23,41
207,2,1,1,18,2,1,1,-0.75108,0.5285,-0.063638,0.98163,0.68744,-4.4056,51,17
207,2,1,1,19,1,1,1,0.27376,2.2107,0.828,3.335,0.55424,45.563,22,41
207,2,1,1,19,2,1,1,-0.59789,0.71213,0.14015,0.9627,0.73803,6.8786,37,15
207,2,1,1,20,1,1,1,-1.3003,2.1771,2.6656,5.1097,3.9659,140.08,20,41
207,2,1,1,20,2,1,1,0.073579,0.65547,-0.45587,1.3018,-0.52945,-23.842,35,14
207,2,1,1,21,1,1,1,0.47708,1.7305,0.38571,2.4659,-0.09137,21.506,22,41
207,2,1,1,21,2,1,1,-0.81773,0.7066,-0.10239,1.2911,0.71533,-7.1021,51,21
207,2,1,1,22,1,1,1,-0.16539,1.5522,0.74105,2.5409,0.90644,39.88,21,37
207,2,1,1,22,2,1,1,-0.07273,0.38591,0.11105,0.68134,0.18378,6.0262,34,12
207,2,1,1,23,1,1,1,-0.24956,1.3357,1.2951,3.148,1.5446,67.511,14,41
207,2,1,1,23,2,1,1,-0.3651,0.79355,-0.62065,1.7513,-0.25555,-34.055,52,21
207,2,1,1,24,1,1,1,0.68781,2.5756,0.90037,4.3153,0.21256,50.109,21,42
207,2,1,1,24,2,1,1,-0.17916,0.84179,0.29507,1.0779,0.47423,15.457,30,47
208,2,1,1,3,1,1,1,-1.0215,2.9272,0.43003,3.6636,1.4516,26.532,30,49
208,2,1,1,3,2,1,1,-0.65519,0.72965,0.62645,0.80965,1.2816,31.66,13,43
208,2,1,1,6,1,1,1,-1.0824,2.1263,0.059158,2.9268,1.1416,7.1304,32,52
208,2,1,1,6,2,1,1,-0.56613,0.36968,0.6396,0.44986,1.2057,31.925,50,32
208,2,1,1,14,1,1,1,-4.2412,3.5625,0.92398,5.5533,5.1652,51.819,28,38
208,2,1,1,14,2,1,1,-1.2594,1.0532,0.93371,1.3648,2.1931,47.539,28,42
208,2,1,1,17,1,1,1,-1.4318,3.2211,0.20731,3.5649,1.6391,13.238,29,38
208,2,1,1,17,2,1,1,0.2096,1.3888,0.31193,0.85716,0.10233,14.758,51,44
208,2,1,1,22,1,1,1,-0.28307,2.0512,0.32269,2.1886,0.60576,17.707,30,4
208,2,1,1,22,2,1,1,1.2262,0.59075,-0.14856,1.6043,-1.3748,-9.5351,47,8
208,2,1,1,24,1,1,1,-1.0202,1.4168,0.1788,2.359,1.199,10.362,29,40
208,2,1,1,24,2,1,1,0.97459,0.89254,-0.067015,1.6821,-1.0416,-3.8945,37,10
210,2,1,1,1,1,1,1,-1.1305,2.4546,1.3254,2.9957,2.4559,62.522,1,36
210,2,1,1,1,2,1,1,-0.14665,0.79219,-0.61132,1.8321,-0.46467,-30.449,36,10
210,2,1,1,2,1,1,1,0.32075,2.1226,1.0707,3.2106,0.74993,54.773,30,47
210,2,1,1,2,2,1,1,-1.0573,0.62759,-0.036497,0.63795,1.0208,-1.5317,37,2
210,2,1,1,3,1,1,1,-0.54305,2.4602,0.93494,2.2462,1.478,45.486,5,37
210,2,1,1,3,2,1,1,-0.089416,0.32164,-0.16057,0.58122,-0.071158,-8.4052,35,13
210,2,1,1,4,1,1,1,0.28543,2.3838,0.80379,2.5012,0.51837,41.416,30,46
210,2,1,1,4,2,1,1,-0.54176,0.30946,-0.2211,0.51346,0.32066,-11.422,37,16
210,2,1,1,6,1,1,1,-0.45172,1.5855,0.48474,2.8324,0.93646,22.409,24,14
210,2,1,1,6,2,1,1,0.02919,0.57651,-0.38487,0.90126,-0.41406,-20.928,51,30
210,2,1,1,7,1,1,1,0.40956,2.7031,0.87723,3.5009,0.46767,44.848,30,46
210,2,1,1,7,2,1,1,-0.15392,0.48463,-0.34701,0.89978,-0.1931,-19.071,50,13
210,2,1,1,8,1,1,1,-1.337,1.9645,0.70842,2.4955,2.0454,33.418,24,37
210,2,1,1,8,2,1,1,-0.046991,0.59257,-0.24095,0.63305,-0.19396,-13.265,52,33
210,2,1,1,9,1,1,1,0.081032,2.5461,1.2107,3.4651,1.1297,62.855,29,47
210,2,1,1,9,2,1,1,-0.12564,0.33403,-0.078875,0.31907,0.046761,-4.4855,50,45
210,2,1,1,10,1,1,1,0.58459,4.0592,0.10178,6.8945,-0.48281,0.20981,30,12
210,2,1,1,10,2,1,1,0.29271,0.80486,-1.262,2.4756,-1.5547,-67.177,47,22
210,2,1,1,11,1,1,1,-0.9714,2.4479,1.0494,3.1532,2.0208,52.3,29,37
210,2,1,1,11,2,1,1,-0.051111,0.31239,-0.099996,0.42296,-0.048885,-5.4011,30,13
210,2,1,1,12,1,1,1,0.72419,3.5231,0.8895,5.4258,0.16532,44.167,30,12
210,2,1,1,12,2,1,1,0.15133,0.83595,-0.61043,1.657,-0.76176,-33.06,49,12
210,2,1,1,13,1,1,1,-0.19442,2.8028,1.2524,3.7671,1.4468,65.926,29,47
210,2,1,1,13,2,1,1,-1.1753,1.2342,0.45241,1.6803,1.6277,24.999,29,2
210,2,1,1,14,1,1,1,-1.1518,2.5637,1.5707,2.9736,2.7225,77.212,30,38
210,2,1,1,14,2,1,1,0.064641,0.56865,-0.54423,1.4436,-0.60887,-27.267,37,11
210,2,1,1,15,1,1,1,1.7389,3.1634,0.72563,3.8079,-1.0133,40.742,30,48
210,2,1,1,15,2,1,1,-1.9508,1.3116,0.54813,1.3849,2.4989,29.277,23,2
210,2,1,1,16,1,1,1,0.045696,2.6578,1.3303,3.4211,1.2846,69.26,30,48
210,2,1,1,16,2,1,1,-0.30777,0.37543,-0.029752,0.6495,0.27802,-1.1046,37,9
210,2,1,1,17,1,1,1,-0.84875,1.6503,0.50981,1.8977,1.3586,23.32,30,38
210,2,1,1,17,2,1,1,0.31131,0.56333,-0.5366,1.1908,-0.84791,-27.13,40,13
210,2,1,1,18,1,1,1,0.61935,3.2224,1.3418,3.644,0.72245,68.537,30,47
210,2,1,1,18,2,1,1,-0.23905,0.37582,0.036522,0.36983,0.27557,1.3026,52,42
210,2,1,1,19,1,1,1,-0.13649,1.5363,0.41097,2.3129,0.54746,20.511,29,47
210,2,1,1,19,2,1,1,-0.23708,0.20382,-0.13883,0.35577,0.098256,-7.4414,37,12
210,2,1,1,20,1,1,1,-0.92408,2.6062,1.3093,2.8874,2.2333,64.977,29,37
210,2,1,1,20,2,1,1,0.065396,0.21504,-0.28651,0.62104,-0.35191,-14.754,40,16
210,2,1,1,21,1,1,1,-0.63701,2.9647,1.7278,4.3092,2.3648,90.839,29,48
210,2,1,1,21,2,1,1,0.022586,0.30828,-0.12951,0.28118,-0.1521,-7.0879,1,29
210,2,1,1,22,1,1,1,-0.32305,2.0317,0.90616,2.4149,1.2292,44.998,29,37
210,2,1,1,22,2,1,1,-0.077196,0.8442,-0.037843,1.0556,0.039353,-1.5782,36,6
210,2,1,1,23,1,1,1,-2.3042,2.931,2.6475,4.2268,4.9517,135.38,28,37
210,2,1,1,23,2,1,1,-0.13387,0.53011,0.33672,0.90073,0.47059,17.693,25,37
210,2,1,1,24,1,1,1,-0.85945,2.3875,1.8088,3.2394,2.6683,92.105,29,37
210,2,1,1,24,2,1,1,-0.087528,0.41129,0.12323,0.58525,0.21076,6.5528,27,46
211,2,1,1,1,1,1,1,-1.0354,2.2308,1.5393,3.5819,2.5748,79.477,29,45
211,2,1,1,1,2,1,1,0.11367,1.3151,-0.54088,2.0444,-0.65455,-29.156,46,29
211,2,1,1,2,1,1,1,1.0733,1.1908,0.35518,1.9865,-0.71809,18.172,24,45
211,2,1,1,2,2,1,1,-1.7452,1.0911,-0.73163,1.9514,1.0135,-38.538,46,29
211,2,1,1,3,1,1,1,-1.5639,2.0537,1.3696,2.7421,2.9334,69.808,22,38
211,2,1,1,3,2,1,1,0.25504,1.1346,0.038671,1.5205,-0.21637,1.4321,11,29
211,2,1,1,4,1,1,1,-1.5447,1.6619,1.3008,2.1648,2.8455,66.012,28,38
211,2,1,1,4,2,1,1,0.056039,0.66555,-0.36273,0.8602,-0.41877,-19.227,46,29
211,2,1,1,6,1,1,1,-2.0598,2.2087,0.76453,2.1297,2.8243,37.541,52,38
211,2,1,1,6,2,1,1,0.26137,0.62667,-0.14611,0.68212,-0.40747,-8.1112,2,45
211,2,1,1,7,1,1,1,0.032702,2.0356,-0.2673,2.0009,-0.3,-16.125,50,12
211,2,1,1,7,2,1,1,-0.86285,0.80936,-0.50671,1.3812,0.35614,-27.392,46,22
211,2,1,1,8,1,1,1,-1.1573,2.103,0.14747,2.8668,1.3048,4.9482,51,10
211,2,1,1,8,2,1,1,0.28812,0.69503,-0.24179,0.5649,-0.52991,-13.168,1,27
211,2,1,1,9,1,1,1,-1.3113,2.7878,0.57199,2.8194,1.8833,25.292,50,38
211,2,1,1,9,2,1,1,0.099177,1.4701,-0.43913,1.5014,-0.53831,-22.149,49,24
211,2,1,1,11,1,1,1,-0.90043,2.3048,-0.057353,2.8085,0.84307,-6.1254,51,10
211,2,1,1,11,2,1,1,0.34807,1.1821,-0.43637,1.5819,-0.78444,-24.283,43,14
211,2,1,1,12,1,1,1,-3.2053,9.4629,0.82117,8.0833,4.0265,21.7,1,35
211,2,1,1,12,2,1,1,2.7018,11.064,-2.2775,8.0961,-4.9793,-104.1,42,1
211,2,1,1,13,1,1,1,1.3021,1.2391,-0.62389,1.4419,-1.926,-32.43,27,36
211,2,1,1,13,2,1,1,-1.1201,0.77909,-0.12665,1.1925,0.99347,-5.8956,37,5
211,2,1,1,14,1,1,1,-2.9033,2.3683,0.91489,2.9903,3.8181,44.372,28,38
211,2,1,1,14,2,1,1,0.56959,0.97246,-0.30824,1.1156,-0.87783,-16.477,46,29
211,2,1,1,15,1,1,1,2.7938,2.7212,-1.5435,2.1148,-4.3373,-78.056,48,35
211,2,1,1,15,2,1,1,-1.5834,1.5726,-0.29973,1.7993,1.2837,-16.34,40,6
211,2,1,1,16,1,1,1,-1.4907,1.8074,0.65464,2.4652,2.1453,32.451,28,38
211,2,1,1,16,2,1,1,0.013869,0.91841,-0.087832,0.78214,-0.1017,-5.0491,7,34
211,2,1,1,17,1,1,1,-1.9773,2.4435,0.84087,3.1489,2.8181,43.089,23,37
211,2,1,1,17,2,1,1,0.83622,0.7178,0.49458,1.3028,-0.34164,24.733,10,34
211,2,1,1,18,1,1,1,1.4471,4.5382,-0.82738,3.9204,-2.2745,-43.618,48,38
211,2,1,1,18,2,1,1,-1.0471,5.692,0.14787,5.3816,1.1949,8.6276,24,47
211,2,1,1,19,1,1,1,-1.2494,2.5836,-0.1762,3.3559,1.0732,-10.713,50,9
211,2,1,1,19,2,1,1,0.30193,1.8699,0.4314,1.7808,0.12947,22.041,8,13
211,2,1,1,21,1,1,1,-0.20179,1.8305,0.27854,2.3953,0.48034,14.153,29,37
211,2,1,1,21,2,1,1,0.081811,0.49116,0.25467,0.64561,0.17286,12.608,36,44
211,2,1,1,22,1,1,1,-0.35753,2.0939,0.36405,2.9555,0.72159,18.437,28,37
211,2,1,1,22,2,1,1,-0.067922,0.68881,0.33917,0.66164,0.40709,17.264,17,43
211,2,1,1,23,1,1,1,-0.14008,2.0357,0.47984,2.7714,0.61992,25.427,24,37
211,2,1,1,23,2,1,1,-0.59122,0.90524,0.51409,0.76812,1.1053,26.303,19,35
211,2,1,1,24,1,1,1,0.097669,2.1593,0.66246,3.1077,0.56479,34.041,28,38
211,2,1,1,24,2,1,1,-0.14979,0.5676,0.16551,0.4545,0.31531,8.2022,4,29
212,2,1,1,1,1,1,1,-1.7783,4.9013,1.4194,4.4572,3.1977,79.967,30,52
212,2,1,1,1,2,1,1,0.82077,4.1025,-1.0841,4.4762,-1.9049,-63.377,52,30
212,2,1,1,2,1,1,1,-0.72053,3.4338,0.83327,2.8625,1.5538,47.36,31,51
212,2,1,1,2,2,1,1,0.061244,2.3948,-0.4741,2.5719,-0.53535,-29.195,52,31
212,2,1,1,3,1,1,1,-1.9852,1.9891,1.2594,2.1873,3.2446,65.764,6,44
212,2,1,1,3,2,1,1,-0.050469,1.11,0.064287,1.3575,0.11476,1.5052,6,36
212,2,1,1,4,1,1,1,-1.9584,3.7544,1.4281,3.9252,3.3864,78.535,25,52
212,2,1,1,4,2,1,1,0.28484,2.1268,-0.10379,2.3031,-0.38863,-9.1373,52,34
212,2,1,1,5,1,1,1,-0.26467,1.2938,0.33821,1.0336,0.60289,18.896,24,52
212,2,1,1,5,2,1,1,-0.1911,0.55643,-0.11676,0.93942,0.074342,-7.9114,52,31
212,2,1,1,6,1,1,1,-1.2099,1.917,0.36964,1.4201,1.5795,20.341,29,6
212,2,1,1,6,2,1,1,0.28839,0.82901,-0.048188,0.72118,-0.33658,-4.0372,52,31
212,2,1,1,7,1,1,1,-0.96682,1.7677,0.61654,1.6039,1.5834,34.141,25,52
212,2,1,1,7,2,1,1,-0.21894,0.34886,0.29668,0.56059,0.51562,14.396,52,42
212,2,1,1,8,1,1,1,-1.5529,1.683,0.3989,1.3125,1.9518,20.62,29,39
212,2,1,1,8,2,1,1,0.60983,0.73052,-0.32464,1.0342,-0.93447,-18.137,52,31
212,2,1,1,9,1,1,1,-2.223,2.7898,2.0325,3.5371,4.2555,107.63,6,44
212,2,1,1,9,2,1,1,-0.31937,0.57493,0.43295,0.7384,0.75232,21.44,6,36
212,2,1,1,10,1,1,1,-1.3127,1.6619,1.3712,2.2718,2.6839,72.281,7,39
212,2,1,1,10,2,1,1,-0.4562,0.36876,0.23978,0.65457,0.69598,11.801,6,42
212,2,1,1,11,1,1,1,-2.0828,2.6082,1.7579,3.1234,3.8407,93.499,6,39
212,2,1,1,11,2,1,1,-0.14091,0.33901,0.33545,0.66824,0.47636,16.307,6,38
212,2,1,1,12,1,1,1,-2.2788,2.7823,2.4783,4.1192,4.757,131,6,37
212,2,1,1,12,2,1,1,-0.62008,0.69349,0.58344,0.98213,1.2035,29.478,7,43
212,2,1,1,13,1,1,1,-0.93752,1.3796,1.3644,2.6426,2.3019,72.001,20,38
212,2,1,1,13,2,1,1,-0.3915,0.38302,0.095014,0.63699,0.48652,5.1233,50,2
212,2,1,1,14,1,1,1,-1.2104,2.1799,0.65236,2.1042,1.8628,32.877,6,39
212,2,1,1,14,2,1,1,-0.038005,0.8493,0.31439,1.2344,0.3524,17.538,40,44
212,2,1,1,16,1,1,1,-1.9875,2.9502,1.7405,3.4111,3.728,92.192,20,45
212,2,1,1,16,2,1,1,0.24692,0.90914,-0.4423,1.1206,-0.68922,-23.443,49,20
212,2,1,1,17,1,1,1,-0.98111,2.0476,0.97316,2.2831,1.9543,50.834,26,39
212,2,1,1,17,2,1,1,-0.36222,0.28305,0.37898,0.44303,0.7412,19.898,6,37
212,2,1,1,18,1,1,1,-1.1376,2.3369,1.4265,3.2742,2.5642,77.323,21,52
212,2,1,1,18,2,1,1,0.017463,0.73411,-0.075246,0.90709,-0.092709,-4.6797,51,35
212,2,1,1,19,1,1,1,-1.1792,3.3584,1.581,3.5885,2.7602,83.93,31,45
212,2,1,1,19,2,1,1,0.019891,0.56367,-0.25529,0.91889,-0.27519,-13.683,47,21
212,2,1,1,20,1,1,1,-0.40388,1.4,1.0517,2.7312,1.4556,56.891,29,52
212,2,1,1,20,2,1,1,-0.52773,0.50079,-0.057818,0.81009,0.46991,-4.0126,52,34
212,2,1,1,21,1,1,1,-1.0129,2.377,1.0644,2.6313,2.0773,56.325,26,39
212,2,1,1,21,2,1,1,-0.14613,0.3116,-0.030346,0.45884,0.11579,-2.0958,47,30
212,2,1,1,22,1,1,1,-1.3572,2.2401,1.3761,3.082,2.7333,72.561,30,44
212,2,1,1,22,2,1,1,0.13823,0.30559,-0.16391,0.74291,-0.30214,-8.6949,40,23
212,2,1,1,23,1,1,1,-0.12617,1.9881,0.57233,2.3485,0.6985,31.523,30,39
212,2,1,1,23,2,1,1,-0.21644,0.29922,0.11532,0.2663,0.33175,5.9969,37,1
212,2,1,1,24,1,1,1,-1.1092,2.5089,1.0363,2.5307,2.1455,53.647,30,39
212,2,1,1,24,2,1,1,-0.074005,0.26731,0.015185,0.36086,0.08919,0.55458,46,24
213,2,1,1,1,1,1,1,0.33318,2.7319,-1.3134,3.1233,-1.6465,-64.983,46,26
213,2,1,1,1,2,1,1,0.13153,2.3104,0.82097,2.5684,0.68944,43.115,27,47
213,2,1,1,3,1,1,1,0.68675,1.3228,-0.79433,1.7304,-1.4811,-39.127,11,23
213,2,1,1,3,2,1,1,0.62193,0.93758,0.39114,1.5732,-0.23078,20.571,26,48
213,2,1,1,4,1,1,1,-0.048254,1.0949,-0.55264,1.2356,-0.50438,-25.938,46,2
213,2,1,1,4,2,1,1,0.18615,0.71056,0.36406,0.9046,0.17791,18.957,23,47
213,2,1,1,5,1,1,1,0.73386,1.4984,-1.181,1.1515,-1.9148,-61.181,46,17
213,2,1,1,5,2,1,1,2.1088,1.4013,-0.24439,1.0479,-2.3532,-12.574,41,39
213,2,1,1,6,1,1,1,-0.22996,1.2334,-0.46587,1.4759,-0.2359,-22.178,10,2
213,2,1,1,6,2,1,1,-0.018406,0.59634,0.4941,1.1089,0.5125,25.745,24,48
213,2,1,1,7,1,1,1,0.28521,1.1148,-0.85277,1.0371,-1.138,-42.994,46,3
213,2,1,1,7,2,1,1,0.30405,0.15284,0.094598,0.40708,-0.20945,4.5395,24,16
213,2,1,1,8,1,1,1,-0.1542,1.422,-0.21782,2.289,-0.06362,-9.5073,11,19
213,2,1,1,8,2,1,1,0.47056,0.33806,0.23002,0.62038,-0.24054,11.892,10,47
213,2,1,1,9,1,1,1,-0.16351,1.4308,-0.21687,1.5852,-0.053367,-8.5212,10,2
213,2,1,1,9,2,1,1,-0.20279,0.4933,0.51886,0.99548,0.72165,27.44,24,49
213,2,1,1,10,1,1,1,-0.10894,1.8902,-0.79005,1.4207,-0.68111,-41.384,46,30
213,2,1,1,10,2,1,1,0.3206,0.40017,-0.24796,0.77837,-0.56856,-13.807,52,9
213,2,1,1,11,1,1,1,0.33288,1.4491,-0.27334,2.0296,-0.60621,-13.282,11,38
213,2,1,1,11,2,1,1,0.18688,0.54394,0.37725,0.77683,0.19037,19.368,12,41
213,2,1,1,12,1,1,1,0.57088,1.5499,-0.50025,1.9525,-1.0711,-25.064,11,38
213,2,1,1,12,2,1,1,-0.30992,0.47608,0.36671,0.60887,0.67662,19.568,37,47
213,2,1,1,13,1,1,1,-1.306,2.0303,-0.96185,2.3195,0.3441,-49.185,46,25
213,2,1,1,13,2,1,1,1.4671,0.33287,0.33097,1.6518,-1.1361,18.164,27,48
213,2,1,1,14,1,1,1,-1.0833,3.9315,-1.445,4.6993,-0.36167,-74.996,47,26
213,2,1,1,14,2,1,1,1.335,1.0555,0.19962,1.9696,-1.1354,11.151,30,48
213,2,1,1,16,1,1,1,-2.1943,2.1608,-0.44564,2.4548,1.7486,-22.893,46,26
213,2,1,1,16,2,1,1,1.0099,0.54119,0.22071,1.1033,-0.78916,12.918,30,52
213,2,1,1,17,1,1,1,-0.62979,2.6119,-0.96659,2.8803,-0.33679,-50.327,46,34
213,2,1,1,17,2,1,1,0.92789,0.96603,0.4571,1.7384,-0.47079,25.614,30,49
213,2,1,1,18,1,1,1,-0.84665,2.0204,-0.64368,1.8492,0.20298,-33.408,46,26
213,2,1,1,18,2,1,1,1.3363,0.67496,0.14176,0.9453,-1.1946,8.3007,29,52
213,2,1,1,19,1,1,1,-0.35509,1.5473,-0.605,1.4691,-0.24991,-29.839,10,3
213,2,1,1,19,2,1,1,0.70761,0.99504,0.29881,1.9483,-0.4088,17.624,31,50
213,2,1,1,21,1,1,1,-1.119,1.2461,-0.45934,1.3253,0.65967,-21.975,46,2
213,2,1,1,21,2,1,1,0.76078,0.1773,0.51663,1.1576,-0.24414,27.633,31,49
213,2,1,1,22,1,1,1,0.28399,1.7231,-0.16542,1.9625,-0.44941,-7.931,10,37
213,2,1,1,22,2,1,1,0.3302,0.37433,0.40433,1.0241,0.074124,21.96,10,52
213,2,1,1,23,1,1,1,-1.7152,1.5768,0.31495,2.3669,2.0301,17.221,10,38
213,2,1,1,23,2,1,1,0.70779,0.29382,0.31418,0.64734,-0.39361,17.062,34,52
213,2,1,1,24,1,1,1,-0.33567,1.8065,-0.089834,2.1364,0.24583,-4.632,10,40
213,2,1,1,24,2,1,1,0.095615,0.81517,0.40248,0.94015,0.30687,21.943,11,52
214,2,1,1,3,1,1,1,1.1945,4.385,-0.59811,3.8351,-1.7926,-26.399,42,49
214,2,1,1,3,2,1,1,-0.58167,1.0902,0.4024,1.0448,0.98407,21.665,26,44
214,2,1,1,6,1,1,1,5.0615,9.0306,-2.5412,7.8577,-7.6027,-123.87,38,5
214,2,1,1,6,2,1,1,0.76364,2.2983,-1.0854,2.445,-1.849,-57.159,38,6
214,2,1,1,8,1,1,1,1.7823,4.4126,-3.2633,6.113,-5.0457,-172.37,44,10
214,2,1,1,8,2,1,1,0.2323,0.61749,-0.78359,1.6747,-1.0159,-43.215,52,25
214,2,1,1,11,1,1,1,2.1314,4.4965,-1.9342,3.4087,-4.0656,-96.71,43,9
214,2,1,1,11,2,1,1,-0.035851,0.64009,0.080979,0.73676,0.11683,4.3462,16,48
214,2,1,1,17,1,1,1,2.9773,3.8452,-2.5585,5.3496,-5.5357,-129.89,43,10
214,2,1,1,17,2,1,1,0.63702,1.7716,-0.74143,1.7447,-1.3785,-37.417,38,9
214,2,1,1,18,1,1,1,3.3642,6.2177,-3.6332,7.2573,-6.9974,-187.9,44,10
214,2,1,1,18,2,1,1,0.81841,2.331,-1.1778,3.3051,-1.9962,-61.146,41,6
214,2,1,1,19,1,1,1,2.7598,6.1061,-2.6416,6.0369,-5.4014,-134.18,38,10
214,2,1,1,19,2,1,1,0.31227,2.5947,-1.074,2.9813,-1.3863,-55.37,37,7
214,2,1,1,21,1,1,1,2.055,7.0196,-0.0096546,4.5463,-2.0647,9.2854,43,51
214,2,1,1,21,2,1,1,-0.52746,1.4551,0.28609,0.71293,0.81355,15.142,38,1
214,2,1,1,22,1,1,1,-0.15039,3.0678,0.00054601,5.0254,0.15094,-1.0275,5,36
214,2,1,1,22,2,1,1,-0.67848,0.60833,0.48437,1.313,1.1628,24.725,6,34
214,2,1,1,24,1,1,1,1.1611,4.8579,-0.21915,5.3908,-1.3803,-7.1783,6,30
214,2,1,1,24,2,1,1,0.027085,1.4692,0.29396,1.9021,0.26688,15.916,7,30
216,2,1,1,1,1,1,1,-2.5942,4.3018,3.1587,5.5505,5.753,170.6,30,52
216,2,1,1,1,2,1,1,-1.3765,1.1966,0.52103,0.89691,1.8975,27.118,5,52
216,2,1,1,2,1,1,1,-2.1092,3.2492,1.9012,4.4344,4.0104,103.57,30,52
216,2,1,1,2,2,1,1,-2.3502,1.2974,0.5187,1.43,2.8689,27.429,28,42
216,2,1,1,6,1,1,1,-1.6305,5.7833,3.029,7.3629,4.6595,165.14,29,1
216,2,1,1,6,2,1,1,-0.38342,0.68301,0.15155,1.176,0.53497,7.1253,5,35
216,2,1,1,7,1,1,1,-1.7747,3.8221,3.1773,5.0415,4.952,169.48,29,1
216,2,1,1,7,2,1,1,-0.76089,0.49598,-0.13112,0.77248,0.62977,-7.0369,6,37
216,2,1,1,8,1,1,1,-0.58628,4.3738,2.0269,6.1871,2.6131,113.89,29,52
216,2,1,1,8,2,1,1,0.43789,0.37645,-0.10839,0.74895,-0.54628,-3.7321,34,52
216,2,1,1,9,1,1,1,-1.2153,5.1973,2.1614,6.348,3.3767,119.94,30,1
216,2,1,1,9,2,1,1,-0.17797,0.39118,0.04641,0.61202,0.22438,3.1154,5,52
216,2,1,1,11,1,1,1,-1.7453,4.5028,2.5308,6.3215,4.2761,137.55,29,1
216,2,1,1,11,2,1,1,0.39909,0.34811,0.07154,0.59066,-0.32755,4.493,29,52
216,2,1,1,12,1,1,1,-1.4044,5.0764,2.8217,6.2621,4.2262,154.61,29,52
216,2,1,1,12,2,1,1,0.66,0.98348,0.29279,1.2062,-0.36721,17.311,29,52
216,2,1,1,13,1,1,1,-0.29535,4.5107,2.0949,5.5792,2.3903,113.89,30,50
216,2,1,1,13,2,1,1,-1.2611,1.2286,0.55622,1.3078,1.8173,30.662,29,1
216,2,1,1,14,1,1,1,-1.8148,3.6657,2.6797,5.0813,4.4945,142.42,29,50
216,2,1,1,14,2,1,1,-0.50611,0.40293,0.056094,0.54467,0.56221,4.4184,28,52
216,2,1,1,16,1,1,1,-1.2336,3.6818,1.7343,4.38,2.968,95.709,30,52
216,2,1,1,16,2,1,1,-0.49998,0.51442,0.086652,0.59872,0.58663,6.2526,28,52
216,2,1,1,17,1,1,1,-0.30049,4.0643,1.8639,5.3787,2.1644,103.5,30,52
216,2,1,1,17,2,1,1,0.7837,0.61551,-0.61691,1.3149,-1.4006,-29.832,40,52
216,2,1,1,18,1,1,1,-0.49358,4.0952,1.8487,4.7018,2.3423,100.83,30,50
216,2,1,1,18,2,1,1,-0.38609,0.34058,0.17392,0.64686,0.56001,9.2594,5,46
216,2,1,1,19,1,1,1,-0.66433,3.3213,1.2842,4.1649,1.9486,70.937,30,1
216,2,1,1,19,2,1,1,0.071601,0.22001,-0.3452,0.51289,-0.4168,-17.899,40,21
216,2,1,1,21,1,1,1,-0.99506,3.0674,1.4284,3.8979,2.4234,79.344,29,1
216,2,1,1,21,2,1,1,-0.19838,0.2591,0.17297,0.63608,0.37134,9.6537,7,52
216,2,1,1,22,1,1,1,-0.70704,3.6816,1.6285,5.1283,2.3355,91.031,29,1
216,2,1,1,22,2,1,1,0.085578,0.6128,0.09329,0.69561,0.0077126,6.1301,34,52
216,2,1,1,23,1,1,1,-1.5516,3.9219,1.7876,5.0148,3.3391,97.303,29,1
216,2,1,1,23,2,1,1,-0.063974,0.39359,-0.050529,0.28973,0.013445,-2.8323,3,44
216,2,1,1,24,1,1,1,-1.7751,3.1933,1.8324,4.6273,3.6074,99.341,29,1
216,2,1,1,24,2,1,1,0.56284,0.49173,0.3614,0.78394,-0.20143,19.659,15,50
217,2,1,1,1,1,1,1,-1.1653,2.0877,-0.24941,1.8942,0.91587,-14.96,51,38
217,2,1,1,1,2,1,1,0.40074,0.78096,-0.12693,0.60335,-0.52767,-7.2588,1,44
217,2,1,1,2,1,1,1,-1.0795,2.9144,1.2229,2.4417,2.3024,65.299,26,51
217,2,1,1,2,2,1,1,0.52863,1.3855,0.34211,1.2874,-0.18652,18.267,25,44
217,2,1,1,3,1,1,1,-0.68458,3.186,0.13875,2.5074,0.82332,5.8187,47,38
217,2,1,1,3,2,1,1,0.11898,0.29163,0.11191,0.47443,-0.0070647,5.9131,30,40
217,2,1,1,4,1,1,1,-0.95268,1.9849,0.72522,1.7666,1.6779,38.841,24,38
217,2,1,1,4,2,1,1,0.074126,0.53123,0.11712,0.42904,0.042993,6.1767,19,44
217,2,1,1,6,1,1,1,-1.0348,2.8565,0.51601,2.415,1.5508,25.887,6,39
217,2,1,1,6,2,1,1,0.21348,0.51014,-0.014436,0.56786,-0.22792,-0.53323,26,39
217,2,1,1,7,1,1,1,-0.599,2.0552,0.54719,1.624,1.1462,29.236,26,39
217,2,1,1,7,2,1,1,0.23059,0.45402,0.073725,0.53792,-0.15686,4.0755,35,44
217,2,1,1,8,1,1,1,-0.94228,2.4624,0.18173,2.3638,1.124,7.2544,5,38
217,2,1,1,8,2,1,1,0.11396,0.38823,-0.083512,0.33015,-0.19747,-4.3597,44,38
217,2,1,1,9,1,1,1,-0.63443,1.5051,0.44752,1.4321,1.0819,22.943,26,38
217,2,1,1,9,2,1,1,0.17874,0.15908,-0.025252,0.24458,-0.20399,-1.3605,34,14
217,2,1,1,10,1,1,1,0.036235,2.7698,0.61062,2.2005,0.57438,33.159,30,38
217,2,1,1,10,2,1,1,0.40134,0.98516,0.069044,0.76668,-0.3323,4.6476,34,49
217,2,1,1,11,1,1,1,-0.89696,2.5043,0.41619,2.4772,1.3131,19.069,4,38
217,2,1,1,11,2,1,1,-0.048777,0.23073,0.0093353,0.19761,0.058112,0.4016,28,37
217,2,1,1,12,1,1,1,-0.38348,2.1853,0.6327,2.0562,1.0162,33.059,25,38
217,2,1,1,12,2,1,1,0.025385,0.43204,0.11766,0.50704,0.092277,6.7106,25,49
217,2,1,1,16,1,1,1,-1.6699,2.6982,1.5287,2.8859,3.1986,80.882,22,38
217,2,1,1,16,2,1,1,-0.066893,0.83488,0.39166,0.92472,0.45855,21.119,24,48
217,2,1,1,17,1,1,1,-1.4339,3.2946,0.71698,3.1005,2.1509,35.02,49,37
217,2,1,1,17,2,1,1,0.083497,0.52545,-0.042888,0.45171,-0.12639,-2.2217,49,37
217,2,1,1,18,1,1,1,-1.563,1.9175,1.1961,1.8862,2.7591,61.578,6,38
217,2,1,1,18,2,1,1,-0.33128,1.1419,-0.099645,1.2647,0.23163,-7.1884,51,38
217,2,1,1,19,1,1,1,-1.539,2.3852,0.67056,2.2462,2.2095,32.736,51,38
217,2,1,1,19,2,1,1,0.14018,0.56702,-0.16857,0.57067,-0.30875,-9.6951,51,45
217,2,1,1,22,1,1,1,-0.79338,2.2072,0.49199,2.7033,1.2854,23.139,25,37
217,2,1,1,22,2,1,1,0.21544,0.34309,-0.0049972,0.35838,-0.22044,-0.31112,23,34
217,2,1,1,23,1,1,1,-0.43222,3.1097,1.4812,3.2717,1.9135,78.88,24,37
217,2,1,1,23,2,1,1,-0.18058,0.34319,0.16168,0.51573,0.34225,8.29,7,39
217,2,1,1,24,1,1,1,-0.95613,2.0483,0.082302,2.2829,1.0384,0.6246,52,38
217,2,1,1,24,2,1,1,0.083854,0.49001,-0.16319,0.42724,-0.24704,-9.3259,51,18
218,2,1,1,1,1,1,1,0.024481,3.2978,4.7915,7.783,4.7671,250.69,21,39
218,2,1,1,1,2,1,1,-0.98713,1.5795,0.46056,1.1757,1.4477,23.623,34,39
218,2,1,1,2,1,1,1,0.91322,2.2927,3.8021,5.7234,2.8889,200.71,22,51
218,2,1,1,2,2,1,1,-1.0882,2.289,0.56422,1.2771,1.6524,29.844,34,1
218,2,1,1,3,1,1,1,-1.0876,3.3566,4.4653,7.5216,5.5529,235.24,22,40
218,2,1,1,3,2,1,1,-0.58968,0.2861,0.23035,0.62411,0.82003,11.281,8,35
218,2,1,1,4,1,1,1,0.48779,2.9527,4.4354,7.2051,3.9476,232.58,23,39
218,2,1,1,4,2,1,1,-1.0313,1.783,0.029017,0.7208,1.0604,1.6568,34,3
218,2,1,1,5,1,1,1,0.25282,3.3347,2.9967,4.9883,2.7438,158.6,18,35
218,2,1,1,5,2,1,1,-0.86109,0.95623,0.36726,0.91134,1.2284,19.039,51,1
218,2,1,1,6,1,1,1,-0.76513,3.0748,3.7129,6.4843,4.478,196,22,40
218,2,1,1,6,2,1,1,-0.59022,0.33989,0.18752,0.4127,0.77774,9.194,52,39
218,2,1,1,7,1,1,1,-0.54094,3.5857,3.4794,6.4748,4.0204,184.6,23,40
218,2,1,1,7,2,1,1,-0.73009,0.58189,0.51859,0.74493,1.2487,26.253,52,40
218,2,1,1,8,1,1,1,-1.58,2.8489,3.5417,5.9585,5.1217,185.82,16,39
218,2,1,1,8,2,1,1,-0.26384,0.46788,0.49622,0.82088,0.76007,25.526,17,39
218,2,1,1,9,1,1,1,-1.2276,4.1839,4.6684,8.3521,5.896,246.97,22,40
218,2,1,1,9,2,1,1,-0.65256,0.72234,0.7901,1.2827,1.4427,40.651,21,40
218,2,1,1,10,1,1,1,-1.0708,2.9593,3.3484,5.6198,4.4192,176.3,22,40
218,2,1,1,10,2,1,1,-0.23809,0.38017,0.25199,0.85964,0.49008,12.275,9,39
218,2,1,1,11,1,1,1,-1.5406,3.6973,4.334,7.8579,5.8746,228.37,20,40
218,2,1,1,11,2,1,1,-0.075576,0.56655,0.6419,1.0312,0.71747,33.099,16,40
218,2,1,1,12,1,1,1,-1.7138,4.7631,5.0719,9.2261,6.7857,268.21,29,40
218,2,1,1,12,2,1,1,-0.27055,0.49722,0.73465,1.2319,1.0052,37.87,24,40
218,2,1,1,14,1,1,1,-1.3246,1.7033,2.5339,4.0649,3.8585,132.67,22,39
218,2,1,1,14,2,1,1,-0.059883,0.77926,-0.060642,0.49993,-0.00075889,-3.252,34,12
218,2,1,1,16,1,1,1,-1.1851,2.1173,3.1545,5.0791,4.3397,165.1,23,40
218,2,1,1,16,2,1,1,-0.57532,0.38975,0.36247,0.48772,0.93779,18.623,21,39
218,2,1,1,17,1,1,1,-0.59494,2.6672,3.6846,6.6185,4.2795,191.17,23,39
218,2,1,1,17,2,1,1,-0.43739,0.93053,0.030554,0.88284,0.46794,2.6176,27,3
218,2,1,1,18,1,1,1,0.4435,1.2068,1.6582,2.712,1.2147,86.963,23,39
218,2,1,1,18,2,1,1,-0.11904,0.8675,0.0039991,0.39279,0.12304,0.13518,34,33
218,2,1,1,19,1,1,1,-0.87838,3.0296,3.8335,6.6001,4.7119,201.09,23,40
218,2,1,1,19,2,1,1,-0.6083,0.70667,0.37351,0.5904,0.98181,19.183,8,44
218,2,1,1,21,1,1,1,-1.0888,3.1185,3.4552,6.1374,4.544,181.55,29,40
218,2,1,1,21,2,1,1,-0.63778,0.83823,0.65021,1.0576,1.288,33.382,24,39
218,2,1,1,22,1,1,1,-1.1695,2.253,3.1309,5.1994,4.3005,164.81,22,39
218,2,1,1,22,2,1,1,-0.34317,0.43609,0.42247,0.64489,0.76564,21.918,13,39
218,2,1,1,23,1,1,1,-1.3857,2.3897,3.2212,5.8373,4.6069,168.19,22,40
218,2,1,1,23,2,1,1,-0.081818,0.63264,0.44499,0.67732,0.52681,23.013,17,40
218,2,1,1,24,1,1,1,-1.3354,2.689,2.9942,5.2485,4.3297,158.01,29,40
218,2,1,1,24,2,1,1,-0.12074,0.51794,0.57478,0.93422,0.69552,29.844,25,40
219,2,1,1,1,1,1,1,1.3171,4.9816,0.78357,4.7129,-0.53355,42.518,28,39
219,2,1,1,1,2,1,1,-0.31279,1.2808,0.30628,0.93462,0.61906,14.854,4,44
219,2,1,1,2,1,1,1,-0.48618,3.2131,2.7083,6.5135,3.1945,142.04,21,40
219,2,1,1,2,2,1,1,-1.15,1.27,1.1028,2.8751,2.2528,55.957,11,34
219,2,1,1,3,1,1,1,-0.11994,5.1942,1.3993,4.8114,1.5192,71.278,21,40
219,2,1,1,3,2,1,1,-0.17145,0.77236,0.17513,0.86426,0.34658,7.5312,52,44
219,2,1,1,4,1,1,1,0.78804,3.8062,1.105,3.9508,0.31698,55.548,30,40
219,2,1,1,4,2,1,1,-0.14108,0.54144,0.0055611,0.73423,0.14664,-0.93235,52,23
219,2,1,1,5,1,1,1,0.22544,2.8711,1.4511,3.7896,1.2256,75.85,27,39
219,2,1,1,5,2,1,1,-0.16378,0.61432,-7.3063e-05,0.42548,0.1637,-0.10527,48,20
219,2,1,1,6,1,1,1,-0.10571,3.294,0.80931,3.1123,0.91503,41.509,30,40
219,2,1,1,6,2,1,1,0.087323,0.2524,0.023319,0.32088,-0.064005,0.82531,4,25
219,2,1,1,7,1,1,1,-0.036591,4.0724,1.5111,4.1825,1.5477,76.804,30,40
219,2,1,1,7,2,1,1,-0.46841,0.62077,0.15358,0.8059,0.62199,7.2714,50,38
219,2,1,1,8,1,1,1,-0.43015,4.2173,1.4293,4.2898,1.8595,72.064,20,40
219,2,1,1,8,2,1,1,0.13867,0.15837,-0.064904,0.33628,-0.20357,-3.5479,19,15
219,2,1,1,9,1,1,1,-0.079301,3.1842,1.0733,3.1976,1.1526,54.115,19,40
219,2,1,1,9,2,1,1,0.27201,0.19779,-0.14538,0.50607,-0.41739,-8.0376,51,29
219,2,1,1,10,1,1,1,-0.1552,3.4078,1.2261,3.3777,1.3813,62.118,20,40
219,2,1,1,10,2,1,1,-0.2577,0.47672,-0.044719,0.67028,0.21298,-3.2629,10,29
219,2,1,1,11,1,1,1,-0.32189,3.9334,1.1223,3.8062,1.4442,55.837,22,40
219,2,1,1,11,2,1,1,0.33453,0.44841,-0.32657,0.71685,-0.6611,-16.745,48,22
219,2,1,1,12,1,1,1,-0.26467,4.0168,1.2074,3.7214,1.472,60.423,22,40
219,2,1,1,12,2,1,1,0.34559,0.63755,-0.4005,0.82056,-0.74609,-21.116,40,29
219,2,1,1,13,1,1,1,0.66767,2.8889,0.28943,2.7453,-0.37824,14.432,19,39
219,2,1,1,13,2,1,1,-0.12627,0.50038,0.30667,0.69677,0.43294,16.449,19,40
219,2,1,1,14,1,1,1,0.46934,6.0815,1.3041,5.2527,0.83476,66.098,19,40
219,2,1,1,14,2,1,1,-0.072185,0.9846,0.0013899,0.61853,0.073575,-0.36983,36,46
219,2,1,1,15,1,1,1,0.4246,1.9065,0.092248,2.7503,-0.33235,10.307,19,52
219,2,1,1,15,2,1,1,-0.45171,1.5673,1.085,2.2084,1.5367,55.765,12,43
219,2,1,1,16,1,1,1,-0.017081,3.8452,0.74634,3.1566,0.76342,36.8,29,38
219,2,1,1,16,2,1,1,0.015028,1.3233,0.11494,0.78922,0.099908,5.4706,37,45
219,2,1,1,17,1,1,1,0.24659,6.6035,1.6746,6.2088,1.428,85.095,19,40
219,2,1,1,17,2,1,1,-0.032684,1.2313,-0.13936,0.84514,-0.10668,-7.0031,39,25
219,2,1,1,18,1,1,1,-0.53084,4.1016,1.8469,4.811,2.3777,94.337,19,40
219,2,1,1,18,2,1,1,0.35157,1.2571,-0.061304,0.98131,-0.41288,-4.4396,36,44
219,2,1,1,19,1,1,1,-0.18889,3.7059,0.77303,3.0984,0.96192,38.59,30,39
219,2,1,1,19,2,1,1,0.18902,0.9953,-0.16292,0.91138,-0.35194,-8.4793,41,22
219,2,1,1,21,1,1,1,-0.46871,4.6896,1.5705,4.7871,2.0392,77.173,29,40
219,2,1,1,21,2,1,1,-0.24446,0.52852,0.050706,0.51552,0.29516,1.849,9,43
219,2,1,1,22,1,1,1,-1.087,4.1743,0.95942,3.6178,2.0464,48.746,8,41
219,2,1,1,22,2,1,1,0.92294,2.8797,-0.57539,2.9877,-1.4983,-32.703,41,7
219,2,1,1,23,1,1,1,0.32795,5.5269,2.0236,5.8975,1.6957,103.79,29,40
219,2,1,1,23,2,1,1,-0.0021344,0.72309,-0.0029957,0.56162,-0.00086129,-0.47997,51,20
219,2,1,1,24,1,1,1,-0.50195,5.0518,1.717,4.6835,2.2189,85.752,24,40
219,2,1,1,24,2,1,1,0.027506,1.5514,-0.33879,1.6378,-0.3663,-19.314,16,28
220,2,1,1,1,1,1,1,-0.40226,3.1395,2.6627,6.3264,3.0649,140.94,18,40
220,2,1,1,1,2,1,1,-1.014,0.77511,0.12689,0.84762,1.1409,5.3909,52,14
220,2,1,1,2,1,1,1,0.45823,3.5242,3.0837,6.7019,2.6255,165.48,20,51
220,2,1,1,2,2,1,1,-0.63034,0.9574,0.14395,1.0922,0.7743,6.6102,52,42
220,2,1,1,3,1,1,1,-1.2248,3.5172,3.1743,7.015,4.399,168.36,15,40
220,2,1,1,3,2,1,1,-0.8665,0.55205,0.39966,0.63461,1.2662,20.101,14,36
220,2,1,1,4,1,1,1,-0.38045,2.8202,2.6526,6.0972,3.033,141.4,20,40
220,2,1,1,4,2,1,1,-0.91117,0.52148,0.37078,0.6528,1.2819,18.33,52,40
220,2,1,1,6,1,1,1,-1.2782,3.0708,3.2206,6.6964,4.4988,171.61,16,52
220,2,1,1,6,2,1,1,-0.87,0.65715,0.33767,0.84359,1.2077,16.812,5,35
220,2,1,1,7,1,1,1,-0.62465,2.5846,2.816,5.6814,3.4406,149.25,18,40
220,2,1,1,7,2,1,1,-0.79143,0.53817,0.50647,0.90052,1.2979,25.339,17,41
220,2,1,1,8,1,1,1,-0.9639,2.504,2.2215,4.997,3.1854,116.37,15,38
220,2,1,1,8,2,1,1,-0.1898,0.47123,-0.089815,0.59544,0.099988,-4.1968,40,18
220,2,1,1,9,1,1,1,-1.3048,3.1281,3.6421,7.0233,4.947,192.95,17,40
220,2,1,1,9,2,1,1,-0.61306,0.59223,0.40893,0.85476,1.022,20.48,12,38
220,2,1,1,10,1,1,1,-0.68903,2.7455,2.6756,5.2089,3.3647,140.91,18,40
220,2,1,1,10,2,1,1,-0.048839,0.84127,-0.24174,0.9936,-0.1929,-14.299,52,29
220,2,1,1,11,1,1,1,-0.78693,1.9361,1.8949,3.9759,2.6818,99.794,14,40
220,2,1,1,11,2,1,1,-0.47261,0.50861,0.069907,0.50513,0.54252,3.7211,40,46
220,2,1,1,12,1,1,1,-0.72933,3.0903,2.8416,5.692,3.5709,150.12,17,40
220,2,1,1,12,2,1,1,-0.072657,1.047,0.076254,1.2773,0.14891,1.9779,8,26
220,2,1,1,14,1,1,1,-0.09433,2.7897,2.3811,5.451,2.4754,126.02,17,40
220,2,1,1,14,2,1,1,-0.83873,0.42604,0.56964,0.96505,1.4084,29.4,17,40
220,2,1,1,16,1,1,1,-0.19473,2.4776,2.49,5.3031,2.6847,131.32,19,40
220,2,1,1,16,2,1,1,-0.80376,0.3299,0.2493,0.50014,1.0531,11.832,52,43
220,2,1,1,17,1,1,1,-0.041435,3.7777,2.6473,6.5164,2.6887,141.83,25,51
220,2,1,1,17,2,1,1,-0.67955,0.56453,0.29104,0.58851,0.97059,14.549,28,45
220,2,1,1,18,1,1,1,-3.1509,4.1172,5.2651,10.499,8.4161,279.43,18,40
220,2,1,1,18,2,1,1,-2.1682,1.121,1.4578,2.8573,3.6261,74.706,18,36
220,2,1,1,19,1,1,1,-0.54845,3.7167,2.9973,6.6834,3.5457,160.21,25,51
220,2,1,1,19,2,1,1,-0.83256,0.61045,0.48157,0.74064,1.3141,24.45,25,35
220,2,1,1,20,1,1,1,-1.3681,5.9583,4.4948,10.323,5.8629,241.53,24,51
220,2,1,1,20,2,1,1,-1.1644,0.96975,0.89788,2.2937,2.0623,45.943,13,39
220,2,1,1,21,1,1,1,-1.4007,3.2512,3.7842,7.51,5.1849,200.07,18,40
220,2,1,1,21,2,1,1,-0.80917,0.48093,0.58302,1.0249,1.3922,29.582,18,40
220,2,1,1,22,1,1,1,-0.22604,2.1011,1.5947,3.5884,1.8208,84.531,12,41
220,2,1,1,22,2,1,1,-0.5695,0.61517,0.14447,0.58001,0.71396,7.8815,40,51
220,2,1,1,23,1,1,1,-1.5446,2.9545,3.2681,6.5814,4.8127,172.4,17,40
220,2,1,1,23,2,1,1,-0.3913,0.37532,0.42197,0.85952,0.81327,21.874,8,37
220,2,1,1,24,1,1,1,-1.5742,2.7189,2.7481,5.8618,4.3223,145.1,15,40
220,2,1,1,24,2,1,1,0.090657,0.45561,0.13037,0.34019,0.039714,6.6419,8,45
221,2,1,1,1,1,1,1,2.3676,4.9752,0.056781,5.4157,-2.3108,9.8568,32,49
221,2,1,1,1,2,1,1,-2.1469,1.0416,1.913,3.0337,4.0599,100.5,18,39
221,2,1,1,2,1,1,1,-2.3219,4.3617,2.3456,7.7692,4.6676,127.81,25,49
221,2,1,1,2,2,1,1,-1.0789,0.90996,0.53767,1.1873,1.6166,27.005,17,40
221,2,1,1,3,1,1,1,0.60055,3.2464,0.37014,4.1875,-0.2304,23.558,25,49
221,2,1,1,3,2,1,1,-1.0345,0.50805,0.72421,1.1847,1.7587,37.691,20,37
221,2,1,1,4,1,1,1,-0.1378,5.4169,2.0195,8.1644,2.1573,112.27,26,51
221,2,1,1,4,2,1,1,-1.0337,0.80003,0.97017,1.8527,2.0038,50.573,15,38
221,2,1,1,5,1,1,1,-0.12605,4.8791,0.5961,6.6494,0.72215,38.442,25,52
221,2,1,1,5,2,1,1,-1.2213,1.0685,0.89473,1.4184,2.116,46.724,24,44
221,2,1,1,6,1,1,1,-2.7843,7.1568,4.1421,10.226,6.9263,223.25,26,49
221,2,1,1,6,2,1,1,-1.8278,1.5116,1.8851,3.2685,3.7129,98.373,26,48
221,2,1,1,8,1,1,1,-2.4821,5.1626,3.1289,7.1939,5.611,167.44,26,48
221,2,1,1,8,2,1,1,-1.6673,0.68641,1.4008,2.2635,3.0682,72.279,24,47
221,2,1,1,9,1,1,1,-0.035466,3.2882,1.5053,5.7298,1.5408,82.316,20,48
221,2,1,1,9,2,1,1,-0.35721,1.1748,0.39907,1.5017,0.75629,19.787,16,35
221,2,1,1,11,1,1,1,-0.04364,3.8888,1.1982,5.2214,1.2419,67.426,18,49
221,2,1,1,11,2,1,1,-0.24138,1.474,0.17821,1.5423,0.41959,8.1419,12,35
221,2,1,1,12,1,1,1,1.6012,2.6926,-0.86617,2.9106,-2.4674,-41.36,42,49
221,2,1,1,12,2,1,1,0.76128,0.81927,-0.44644,0.90914,-1.2077,-23.325,51,27
221,2,1,1,13,1,1,1,-2.6443,9.6711,4.6033,15.813,7.2477,255.65,25,51
221,2,1,1,13,2,1,1,-2.0205,2.5264,2.0876,3.9299,4.1081,111.23,25,48
221,2,1,1,15,1,1,1,-3.2542,7.9685,3.8552,12.534,7.1094,211.51,25,45
221,2,1,1,15,2,1,1,-1.7042,1.9998,1.4479,2.5551,3.1521,76.606,25,45
221,2,1,1,16,1,1,1,-0.097,3.6903,1.0792,6.3993,1.1762,61.83,25,52
221,2,1,1,16,2,1,1,-0.85172,0.53989,0.70247,1.191,1.5542,36.517,24,40
221,2,1,1,17,1,1,1,0.96255,3.9202,0.70243,4.665,-0.26012,42.036,26,49
221,2,1,1,17,2,1,1,-0.4696,0.40059,0.12026,0.35837,0.58986,5.7843,52,32
221,2,1,1,18,1,1,1,-1.188,3.7925,1.7953,8.0613,2.9833,100.22,24,52
221,2,1,1,18,2,1,1,-0.7985,1.3447,0.67308,1.1189,1.4716,34.988,24,45
221,2,1,1,19,1,1,1,-0.65799,4.0102,1.9601,6.5017,2.6181,107.38,21,49
221,2,1,1,19,2,1,1,-0.91641,0.46013,0.64139,1.0731,1.5578,33.042,18,36
221,2,1,1,22,1,1,1,-1.5194,3.4641,2.0065,5.2136,3.5259,108.54,25,49
221,2,1,1,22,2,1,1,-0.79993,0.43514,0.57576,0.88621,1.3757,29.517,14,36
221,2,1,1,24,1,1,1,-0.23575,2.6617,1.2123,4.6458,1.4481,67.805,26,52
221,2,1,1,24,2,1,1,-0.45046,0.66873,0.41609,1.0539,0.86655,21.168,10,41
224,2,1,1,1,1,1,1,-2.0371,8.1705,3.9401,11.822,5.9773,215.38,28,39
224,2,1,1,1,2,1,1,-1.1206,1.9428,0.53701,2.5381,1.6576,26.504,11,38
224,2,1,1,2,1,1,1,-1.1091,8.8326,4.9541,13.398,6.0632,278.06,28,52
224,2,1,1,2,2,1,1,-1.8058,2.8749,1.3446,4.8784,3.1504,69.232,11,37
224,2,1,1,3,1,1,1,-3.2783,8.0923,4.2844,12.295,7.5627,233.23,30,39
224,2,1,1,3,2,1,1,-0.88795,1.206,0.58586,1.4784,1.4738,30.31,16,37
224,2,1,1,4,1,1,1,-2.6574,9.6952,5.1904,14.415,7.8478,283.78,27,39
224,2,1,1,4,2,1,1,-1.1376,2.039,0.73932,2.4694,1.8769,37.983,12,38
224,2,1,1,5,1,1,1,-3.2097,8.6771,4.9355,12.816,8.1452,276.25,29,52
224,2,1,1,5,2,1,1,-2.2586,6.1023,0.075723,7.0546,2.3343,-3.0229,8,36
224,2,1,1,6,1,1,1,-2.0986,7.2742,3.4255,9.7442,5.5241,185.75,28,39
224,2,1,1,6,2,1,1,-0.9471,1.5444,0.67116,1.8998,1.6183,34.077,10,38
224,2,1,1,7,1,1,1,-0.6809,7.1742,3.3834,9.3386,4.0643,185.88,28,39
224,2,1,1,7,2,1,1,-1.2704,2.4284,0.67642,2.8176,1.9468,32.973,12,38
224,2,1,1,8,1,1,1,-2.6247,6.349,2.4843,7.6016,5.109,133.05,28,38
224,2,1,1,8,2,1,1,-0.54499,0.80935,0.34925,0.98594,0.89424,17.548,17,37
224,2,1,1,9,1,1,1,-3.1093,7.5461,3.5201,9.8133,6.6294,190.63,29,38
224,2,1,1,9,2,1,1,-1.0395,1.6833,0.7036,2.0237,1.7431,35.885,17,38
224,2,1,1,10,1,1,1,-1.6946,6.2998,2.5933,6.829,4.2879,141.87,28,39
224,2,1,1,10,2,1,1,-0.72093,1.4022,0.2638,1.9471,0.98473,11.73,7,39
224,2,1,1,11,1,1,1,-3.9657,7.1115,3.5344,9.7334,7.5001,189.68,29,38
224,2,1,1,11,2,1,1,-0.96453,1.3241,0.64832,1.7115,1.6128,33.363,17,37
224,2,1,1,12,1,1,1,-3.0674,6.3435,2.3586,7.2024,5.426,128.01,28,38
224,2,1,1,12,2,1,1,-0.14246,0.59786,0.16793,0.66305,0.31038,8.1049,9,38
224,2,1,1,13,1,1,1,-0.049215,9.603,2.9582,16.804,3.0074,172.02,31,3
224,2,1,1,13,2,1,1,-1.3862,3.768,1.1394,5.28,2.5256,57.837,16,39
224,2,1,1,14,1,1,1,1.3913,8.0368,2.8947,11.88,1.5034,166.1,27,3
224,2,1,1,14,2,1,1,-1.223,1.9102,0.91498,2.3444,2.138,46.519,11,37
224,2,1,1,15,1,1,1,1.9744,6.923,0.8933,13.289,-1.0811,59.542,33,5
224,2,1,1,15,2,1,1,-2.4353,6.094,1.7134,7.0051,4.1487,84.474,16,40
224,2,1,1,16,1,1,1,2.5093,7.6001,0.42386,11.212,-2.0854,39.619,31,4
224,2,1,1,16,2,1,1,-0.71644,2.1093,0.3208,2.6552,1.0372,14.967,12,40
224,2,1,1,17,1,1,1,-3.3062,10.477,7.1222,18.183,10.428,388.81,27,52
224,2,1,1,17,2,1,1,-2.2324,2.2866,1.6607,3.4794,3.8931,85.954,11,37
224,2,1,1,18,1,1,1,-0.17101,10.154,2.6149,16.519,2.7859,159.15,31,52
224,2,1,1,18,2,1,1,-0.95863,4.1953,1.085,6.5959,2.0436,52.67,16,40
224,2,1,1,19,1,1,1,-0.4334,7.1417,1.5371,8.086,1.9705,89.218,28,39
224,2,1,1,19,2,1,1,-0.7332,3.0524,0.10613,2.482,0.83933,3.6101,46,38
224,2,1,1,20,1,1,1,-1.5201,13.911,5.421,19.265,6.9411,310.97,31,52
224,2,1,1,20,2,1,1,-3.3057,5.3707,4.1191,12.326,7.4248,212.61,16,35
224,2,1,1,21,1,1,1,0.28234,4.8452,1.0885,7.0783,0.80614,66.042,31,4
224,2,1,1,21,2,1,1,-0.89356,3.1584,0.86019,4.3028,1.7538,41.504,8,35
224,2,1,1,22,1,1,1,-4.1228,7.3641,4.1658,10.296,8.2886,223.94,27,39
224,2,1,1,22,2,1,1,-0.73019,1.1159,0.58133,1.4458,1.3115,29.47,12,38
224,2,1,1,23,1,1,1,-3.189,12.887,6.2764,18.081,9.4655,349.05,31,52
224,2,1,1,23,2,1,1,-3.6818,5.8871,3.6031,11.031,7.2849,183.85,16,35
224,2,1,1,24,1,1,1,-1.7465,8.0745,0.69139,6.1308,2.4379,37.977,45,39
224,2,1,1,24,2,1,1,0.48366,2.3844,-0.90549,2.7872,-1.3892,-51.079,52,29
225,2,1,1,1,1,1,1,0.067698,2.9371,1.1979,5.9284,1.1302,68.123,23,51
225,2,1,1,1,2,1,1,-1.321,1.0894,0.93228,1.3628,2.2532,47.499,27,43
225,2,1,1,2,1,1,1,0.28689,1.5212,0.7866,2.3441,0.49971,40.422,29,40
225,2,1,1,2,2,1,1,-0.82518,1.0416,0.4156,1.6631,1.2408,21.992,17,47
225,2,1,1,3,1,1,1,-0.44759,2.5329,0.65439,4.1101,1.102,36.146,24,50
225,2,1,1,3,2,1,1,-0.79154,1.0483,0.21089,0.90397,1.0024,9.4487,51,44
225,2,1,1,4,1,1,1,1.298,1.3019,-0.23276,2.0714,-1.5308,-11.281,30,50
225,2,1,1,4,2,1,1,-0.32913,1.3145,0.1825,0.96759,0.51163,8.3813,35,42
225,2,1,1,5,1,1,1,0.15208,2.1227,0.67945,2.4771,0.52737,34.751,22,38
225,2,1,1,5,2,1,1,0.17761,0.77144,-0.26996,0.73681,-0.44757,-13.499,34,6
225,2,1,1,6,1,1,1,-0.81866,2.7328,0.76044,4.2335,1.5791,42.935,13,50
225,2,1,1,6,2,1,1,-1.3694,1.7122,0.96182,1.7049,2.3313,49.022,28,43
225,2,1,1,8,1,1,1,-1.0918,1.7361,1.044,3.0051,2.1357,55.693,21,50
225,2,1,1,8,2,1,1,-1.0288,1.2879,0.79058,1.2976,1.8193,39.833,51,43
225,2,1,1,10,1,1,1,0.9783,2.4426,1.1752,3.899,0.19694,63.724,29,50
225,2,1,1,10,2,1,1,-0.40237,1.234,0.17386,1.2129,0.57623,7.094,51,41
225,2,1,1,11,1,1,1,0.23748,1.6072,0.40855,2.4525,0.17107,22.16,29,50
225,2,1,1,11,2,1,1,-0.27538,0.71329,0.13679,0.52957,0.41217,6.7257,30,44
225,2,1,1,12,1,1,1,3.7112,1.8829,-0.42831,2.8354,-4.1395,-21.976,33,50
225,2,1,1,12,2,1,1,0.43545,0.97212,-0.56215,1.3885,-0.9976,-31.004,52,23
225,2,1,1,14,1,1,1,-0.42068,2.3667,0.57685,5.2778,0.99753,33.794,21,51
225,2,1,1,14,2,1,1,-1.2668,0.99561,0.73469,1.2258,2.0015,37.183,28,43
225,2,1,1,16,1,1,1,-0.56331,2.6675,1.0134,4.7552,1.5767,54.646,30,50
225,2,1,1,16,2,1,1,-1.1015,1.1234,0.66359,1.9433,1.7651,35.817,28,44
225,2,1,1,17,1,1,1,-0.63281,2.4024,0.97707,4.084,1.6099,49.613,20,39
225,2,1,1,17,2,1,1,-0.80759,0.82209,0.41047,0.81843,1.2181,20.224,51,34
225,2,1,1,18,1,1,1,-0.65993,2.6532,0.9196,5.3504,1.5795,50.453,28,50
225,2,1,1,18,2,1,1,-0.90724,1.0259,0.63734,1.5254,1.5446,33.295,27,41
225,2,1,1,20,1,1,1,-0.35231,3.9462,1.899,6.9465,2.2514,101.93,29,50
225,2,1,1,20,2,1,1,-0.65737,0.73854,0.44177,1.5021,1.0991,24.189,24,46
225,2,1,1,22,1,1,1,-0.37906,1.9962,1.2842,2.9602,1.6632,64.393,20,39
225,2,1,1,22,2,1,1,-0.89638,1.0077,0.10028,0.718,0.99666,4.7842,51,43
301,3,1,1,2,1,1,1,-20.114,14.515,-1.4533,18.234,18.661,-37.93,7,52
301,3,1,1,2,2,1,1,1.371,1.4785,-1.0048,6.2244,-2.3758,-61.094,3,10
301,3,1,1,4,1,1,1,-22.682,13.145,-7.5725,17.505,15.109,-360.07,30,1
301,3,1,1,4,2,1,1,0.43026,1.1406,4.3678,2.8159,3.9375,219.2,6,39
301,3,1,1,13,1,1,1,-9.5498,12.227,-0.62677,14.713,8.923,1.8086,6,1
301,3,1,1,13,2,1,1,6.3593,2.8296,-0.10455,10.557,-6.4639,-18.613,52,15
301,3,1,1,15,1,1,1,-10.385,9.4385,3.1634,18.56,13.548,194.99,9,1
301,3,1,1,15,2,1,1,9.1582,4.1811,0.37852,11.213,-8.7796,2.9988,52,15
301,3,1,1,16,1,1,1,-17.113,12.477,-9.9057,15.673,7.2068,-479.01,31,1
301,3,1,1,16,2,1,1,2.1645,1.5119,5.668,3.2825,3.5035,285.23,3,41
301,3,1,1,17,1,1,1,-18.323,14.114,-11.201,19.026,7.1221,-537.55,28,1
301,3,1,1,17,2,1,1,2.7369,1.4612,3.7706,2.4474,1.0337,189.99,6,32
301,3,1,1,18,1,1,1,-10.371,11.348,-6.633,12.117,3.738,-318.03,33,2
301,3,1,1,18,2,1,1,5.6938,1.4482,5.059,3.5924,-0.63479,251.44,1,30
301,3,1,1,19,1,1,1,-20.863,14.877,-12.961,18.157,7.9019,-630.08,31,1
301,3,1,1,19,2,1,1,3.5486,1.5107,5.3173,2.9146,1.7687,267.14,6,26
301,3,1,1,21,1,1,1,-10.957,10.27,-10.721,13.061,0.236,-528.68,34,2
301,3,1,1,21,2,1,1,7.1351,1.2848,7.4203,3.2846,0.28518,374.24,52,30
301,3,1,1,22,1,1,1,-13.438,8.1351,-11.532,12.459,1.9057,-568.58,28,1
301,3,1,1,22,2,1,1,5.3065,7.4453,5.7878,5.7331,0.4813,293.18,44,18
302,3,1,1,3,1,1,1,-12.043,8.5763,-11.525,8.6743,0.51798,-591.48,1,41
302,3,1,1,3,2,1,1,0.34578,1.4304,3.4265,1.4737,3.0807,175.79,47,1
302,3,1,1,4,1,1,1,-9.9867,8.7637,-11.311,8.7176,-1.3242,-581.62,2,41
302,3,1,1,4,2,1,1,2.9636,1.9404,3.5704,2.3718,0.60686,179.72,52,30
302,3,1,1,6,1,1,1,-9.7576,9.6645,-10.861,10.342,-1.1035,-560.02,1,41
302,3,1,1,6,2,1,1,2.0513,1.1093,4.542,2.5209,2.4907,232.39,48,1
302,3,1,1,9,1,1,1,-7.0711,7.3068,-9.1111,7.7293,-2.04,-474.71,1,41
302,3,1,1,9,2,1,1,1.2309,1.2322,1.446,1.8211,0.21509,73.449,49,18
302,3,1,1,10,1,1,1,-9.8847,7.0736,-12.937,6.7216,-3.0521,-658.1,29,41
302,3,1,1,10,2,1,1,-0.11651,1.8358,3.0987,2.2165,3.2152,157.16,6,34
302,3,1,1,12,1,1,1,-7.1476,7.1548,-7.4486,6.6106,-0.30104,-385.85,4,39
302,3,1,1,12,2,1,1,1.5191,2.0501,1.2441,1.7944,-0.27501,61.375,48,34
303,3,1,1,1,1,1,1,-6.743,8.0179,-3.2978,9.0919,3.4452,-161.21,27,44
303,3,1,1,1,2,1,1,-3.3432,1.0182,0.023618,1.4638,3.3668,-0.56559,1,41
303,3,1,1,4,1,1,1,-2.169,6.9964,-2.8903,7.1706,-0.72126,-137.45,27,52
303,3,1,1,4,2,1,1,2.2569,0.77854,0.50683,1.1648,-1.7501,25.947,38,24
303,3,1,1,6,1,1,1,-5.2019,4.0199,-2.5894,5.3071,2.6125,-129.72,22,44
303,3,1,1,6,2,1,1,-1.7268,1.3824,0.44846,1.79,2.1753,19.267,1,39
303,3,1,1,7,1,1,1,-3.6059,3.4033,-3.4642,4.6032,0.14166,-174.32,26,43
303,3,1,1,7,2,1,1,1.1918,1.1936,0.94727,1.3242,-0.24455,46.455,52,12
303,3,1,1,8,1,1,1,-2.7577,4.8316,-3.0458,5.0361,-0.2881,-151.29,30,44
303,3,1,1,8,2,1,1,2.6829,0.8183,0.91924,1.7787,-1.7636,47.543,39,8
303,3,1,1,10,1,1,1,-1.3577,3.7023,-3.1518,3.564,-1.794,-164.5,1,43
303,3,1,1,10,2,1,1,0.83546,0.99357,0.77137,1.1373,-0.064092,38.011,39,7
303,3,1,1,11,1,1,1,-1.8227,7.4598,-2.9948,7.5801,-1.1721,-146.67,5,44
303,3,1,1,11,2,1,1,2.4341,5.4769,1.0597,5.2065,-1.3743,61.561,33,1
303,3,1,1,12,1,1,1,-7.1063,10.244,-4.2137,11.824,2.8925,-237.68,1,39
303,3,1,1,12,2,1,1,-4.9334,9.8493,-0.30039,9.5471,4.633,-32.742,1,39
303,3,1,1,19,1,1,1,-8.8904,7.5632,-3.6235,10.603,5.2669,-175.33,27,46
303,3,1,1,19,2,1,1,-0.67996,0.57505,0.58818,0.88405,1.2681,29.046,4,41
303,3,1,1,21,1,1,1,-3.901,6.552,-4.6818,6.7766,-0.78076,-232.6,30,44
303,3,1,1,21,2,1,1,0.64802,0.60414,0.98968,1.2166,0.34166,49.046,52,25
303,3,1,1,22,1,1,1,-7.1921,4.8748,-2.1011,8.2562,5.091,-103.39,27,43
303,3,1,1,22,2,1,1,-1.1422,1.0955,0.53983,1.2346,1.682,26.407,20,39
303,3,1,1,23,1,1,1,-2.5251,5.6002,-3.916,5.0735,-1.391,-194.63,30,43
303,3,1,1,23,2,1,1,0.74182,0.70916,0.82211,1.1517,0.08029,41.777,35,8
303,3,1,1,24,1,1,1,-1.3539,4.5227,-2.8719,4.1411,-1.518,-146.06,30,44
303,3,1,1,24,2,1,1,1.863,1.2626,0.96725,2.9705,-0.89577,48.176,37,9
304,3,1,1,10,1,1,1,-37.161,5.0166,-15.748,26.002,21.413,-801.2,23,36
304,3,1,1,10,2,1,1,-8.4481,3.0208,0.24037,5.9508,8.6885,6.8678,1,36
304,3,1,1,12,1,1,1,-32.521,3.7209,-13.81,18.801,18.711,-700.9,23,38
304,3,1,1,12,2,1,1,-9.8204,1.5211,0.31006,4.9788,10.13,11.668,1,37
304,3,1,1,13,1,1,1,-55.888,26.855,-16.632,53.371,39.255,-777.03,25,52
304,3,1,1,13,2,1,1,-16.327,6.3623,0.18132,14.636,16.508,14.526,25,44
304,3,1,1,18,1,1,1,-17.233,17.878,-0.7439,29.186,16.489,5.6853,12,52
304,3,1,1,18,2,1,1,-6.4603,3.1497,-1.0166,6.6224,5.4437,-57.48,2,40
306,3,1,1,3,1,1,1,-10.216,7.2069,-1.2699,9.4297,8.9459,-55.189,29,51
306,3,1,1,3,2,1,1,-1.5313,0.87899,1.8306,1.5666,3.3619,91.981,4,40
306,3,1,1,6,1,1,1,-13.697,9.8169,-1.9809,13.052,11.716,-89.459,29,48
306,3,1,1,6,2,1,1,-2.454,0.96683,2.0255,2.0272,4.4795,102.16,6,39
306,3,1,1,9,1,1,1,-6.9657,4.4348,-0.73167,6.4272,6.2341,-35.843,27,40
306,3,1,1,9,2,1,1,-0.87908,2.7656,2.2059,2.546,3.085,106.46,1,20
306,3,1,1,10,1,1,1,-10.723,8.1127,-2.4266,11.746,8.2962,-111.25,30,51
306,3,1,1,10,2,1,1,-2.9391,2.3023,2.7373,4.0706,5.6764,143.4,11,40
306,3,1,1,17,1,1,1,-13.779,10.555,-4.4427,13.858,9.3365,-215.76,30,49
306,3,1,1,17,2,1,1,-2.07,1.3831,1.9307,1.8793,4.0007,95.79,1,37
306,3,1,1,19,1,1,1,-8.2582,7.1519,-3.1588,9.1994,5.0994,-156.55,29,48
306,3,1,1,19,2,1,1,-2.7178,2.4843,2.5282,2.5692,5.246,126.92,9,34
306,3,1,1,21,1,1,1,-4.9862,5.3427,-3.2374,6.8106,1.7488,-163.58,30,50
306,3,1,1,21,2,1,1,-2.591,1.8461,2.0382,1.9567,4.6293,104,10,36
306,3,1,1,23,1,1,1,-6.0061,5.5439,-2.0058,7.4428,4.0003,-99.999,31,41
306,3,1,1,23,2,1,1,-1.4971,3.3379,2.0291,3.2915,3.5262,98.629,10,24
307,3,1,1,1,1,1,1,7.7633,2.5446,0.23305,8.6584,-7.5303,7.9706,46,11
307,3,1,1,1,2,1,1,0.7776,2.2369,0.72652,2.4367,-0.051076,35.249,46,32
307,3,1,1,3,1,1,1,5.2565,3.6094,-0.65971,7.4112,-5.9162,-40.67,47,17
307,3,1,1,3,2,1,1,-1.3788,1.0791,0.58567,1.3716,1.9644,30.858,16,33
307,3,1,1,4,1,1,1,5.4844,2.4178,-0.43393,6.4295,-5.9183,-22.234,47,11
307,3,1,1,4,2,1,1,-1.8491,0.73294,0.84364,1.688,2.6927,43.686,19,28
307,3,1,1,6,1,1,1,10.375,4.327,-0.62506,11.12,-11,-39.907,47,11
307,3,1,1,6,2,1,1,-2.7699,0.83867,0.79018,2.4108,3.5601,43.358,19,52
307,3,1,1,8,1,1,1,1.2706,6.8218,-2.0828,6.4296,-3.3534,-112.73,45,17
307,3,1,1,8,2,1,1,-6.3248,2.7347,0.76789,5.1157,7.0927,44.625,27,49
307,3,1,1,9,1,1,1,6.5538,6.5615,-0.89453,9.836,-7.4484,-50.636,46,11
307,3,1,1,9,2,1,1,0.040774,1.743,0.83491,2.5359,0.79413,42.229,19,28
307,3,1,1,11,1,1,1,9.1696,6.9689,-1.0794,11.018,-10.249,-66.199,47,11
307,3,1,1,11,2,1,1,-1.6422,0.78417,0.73169,1.9249,2.3739,40.23,19,52
307,3,1,1,12,1,1,1,11.745,12.154,-2.0657,15.378,-13.811,-110.47,45,16
307,3,1,1,12,2,1,1,-1.6028,9.5524,-0.6401,8.5362,0.96266,-38.157,16,51
309,3,1,1,6,1,1,1,-2.346,1.1899,0.54404,1.88,2.89,28.48,25,7
309,3,1,1,6,2,1,1,1.1336,0.56443,0.11002,0.71133,-1.0236,4.3913,52,35
309,3,1,1,9,1,1,1,-2.5163,1.6219,0.58921,2.7753,3.1055,32.089,31,52
309,3,1,1,9,2,1,1,0.015443,0.62829,0.13623,0.94642,0.12078,4.8514,1,35
309,3,1,1,11,1,1,1,-0.89884,2.3748,-0.19853,2.8515,0.70031,-9.7055,31,50
309,3,1,1,11,2,1,1,-0.91164,1.8323,0.13306,1.7405,1.0447,5.2705,1,36
309,3,1,1,17,1,1,1,-2.491,2.748,1.6139,4.3553,4.1049,83.903,18,51
309,3,1,1,17,2,1,1,1.1365,0.89453,0.082063,0.96291,-1.0545,3.3217,10,39
309,3,1,1,24,1,1,1,-1.5355,1.8158,0.18219,2.4103,1.7177,8.6241,32,51
309,3,1,1,24,2,1,1,-0.0016122,1.8568,0.21777,1.5813,0.21939,8.9603,51,35
310,3,1,1,5,1,1,1,7.7464,5.5541,-2.313,8.6963,-10.059,-112.05,37,18
310,3,1,1,5,2,1,1,0.24348,1.0329,0.15962,1.735,-0.083859,5.0143,52,28
310,3,1,1,9,1,1,1,1.1334,3.6208,0.056289,5.0148,-1.0771,8.693,24,52
310,3,1,1,9,2,1,1,0.15466,0.61163,-0.29024,1.3727,-0.4449,-16.872,52,19
310,3,1,1,11,1,1,1,0.10081,1.8833,0.20023,3.0493,0.099419,12.976,24,52
310,3,1,1,11,2,1,1,-0.14598,0.8872,-0.30018,1.5971,-0.1542,-17.679,50,32
310,3,1,1,12,1,1,1,0.18214,2.1326,-0.35743,3.9485,-0.53957,-15.359,23,52
310,3,1,1,12,2,1,1,0.29371,1.0769,-0.67352,2.4994,-0.96723,-37.945,52,32
310,3,1,1,17,1,1,1,7.9826,1.7877,-3.225,6.4366,-11.208,-173.22,1,19
310,3,1,1,17,2,1,1,-0.7699,3.8417,-0.05224,5.2484,0.71766,-12.359,52,32
310,3,1,1,18,1,1,1,5.7445,6.6095,-1.4888,8.2771,-7.2333,-66.473,34,52
310,3,1,1,18,2,1,1,0.57137,0.56023,-0.25237,2.0759,-0.82375,-14.907,46,18
310,3,1,1,21,1,1,1,3.9617,6.1192,-0.83414,6.9796,-4.7959,-35.365,33,52
310,3,1,1,21,2,1,1,0.64723,0.25253,-0.36952,1.5352,-1.0168,-21.098,47,18
310,3,1,1,22,1,1,1,-0.02946,3.2745,-0.24636,5.2144,-0.2169,-7.9333,23,52
310,3,1,1,22,2,1,1,0.57967,0.59031,-0.43611,1.9572,-1.0158,-25.094,52,19
310,3,1,1,23,1,1,1,2.8728,5.6885,-0.34601,6.3786,-3.2188,-9.5575,33,52
310,3,1,1,23,2,1,1,0.5589,0.36733,-0.36117,1.651,-0.92007,-19.673,46,18
310,3,1,1,24,1,1,1,1.4211,4.3297,-0.2954,5.1917,-1.7165,-9.5756,24,52
310,3,1,1,24,2,1,1,0.60072,1.0622,-0.63548,2.3974,-1.2362,-35.693,50,26
311,3,1,1,1,1,1,1,5.0738,3.481,-1.1855,6.9548,-6.2593,-70.382,52,7
311,3,1,1,1,2,1,1,-0.65689,1.4068,-0.35174,1.8373,0.30515,-20.894,52,37
311,3,1,1,2,1,1,1,-5.9201,1.8734,4.1202,7.9214,10.04,217.56,27,52
311,3,1,1,2,2,1,1,-0.16194,1.3198,-0.40848,3.1549,-0.24654,-22.938,9,33
311,3,1,1,3,1,1,1,2.7665,4.8212,0.2137,6.6065,-2.5528,3.4439,31,38
311,3,1,1,3,2,1,1,-3.6405,1.5935,0.83864,3.9251,4.4791,43.319,27,38
311,3,1,1,4,1,1,1,-1.2589,3.6973,2.5193,8.1566,3.7781,129.42,28,39
311,3,1,1,4,2,1,1,-1.7934,3.1453,-0.33511,4.2035,1.4583,-23.508,52,34
311,3,1,1,7,1,1,1,-7.4944,3.3218,5.232,11.469,12.726,283.11,27,52
311,3,1,1,7,2,1,1,-1.124,1.4335,0.13693,4.3671,1.2609,10.144,11,36
311,3,1,1,9,1,1,1,-2.2161,4.4138,2.8698,8.0184,5.086,140.51,27,39
311,3,1,1,9,2,1,1,-1.148,3.4186,-0.69147,4.6901,0.45657,-44.447,52,37
311,3,1,1,11,1,1,1,-8.1824,6.9236,2.1596,12.474,10.342,95.441,2,39
311,3,1,1,11,2,1,1,-1.2563,5.1673,-0.34834,6.6356,0.90798,-31.344,52,25
311,3,1,1,14,1,1,1,3.6087,5.4624,-0.091452,8.6036,-3.7001,-16.756,26,37
311,3,1,1,14,2,1,1,-0.92743,1.7703,-0.058758,2.7157,0.86867,-7.31,52,31
311,3,1,1,17,1,1,1,2.3336,9.1345,-0.76878,11.433,-3.1024,-57.883,26,38
311,3,1,1,17,2,1,1,-2.3387,1.68,0.30034,3.0031,2.6391,11.808,26,38
311,3,1,1,18,1,1,1,-0.6779,5.399,2.8629,9.1046,3.5408,148.94,31,7
311,3,1,1,18,2,1,1,-1.2492,1.6391,-0.43373,2.9781,0.81545,-26.286,1,38
311,3,1,1,19,1,1,1,-0.21908,6.4215,2.1887,9.8925,2.4077,110.21,26,39
311,3,1,1,19,2,1,1,-2.7257,1.2562,0.8449,3.2292,3.5706,45.046,9,37
311,3,1,1,21,1,1,1,-2.8584,7.7344,2.6503,10.372,5.5086,128.39,31,39
311,3,1,1,21,2,1,1,-1.4589,1.9948,-0.10617,2.7025,1.3527,-9.8788,1,37
311,3,1,1,22,1,1,1,2.412,6.4001,0.4791,6.7258,-1.9329,14.38,26,38
311,3,1,1,22,2,1,1,-1.5311,1.5808,1.0099,2.6182,2.5409,49.878,8,29
311,3,1,1,23,1,1,1,-3.0712,4.368,2.7,7.6779,5.7712,133.33,26,39
311,3,1,1,23,2,1,1,-0.34126,3.1952,-0.3969,3.8397,-0.055648,-25.711,51,32
311,3,1,1,24,1,1,1,-2.3445,4.4565,0.7126,6.5393,3.0571,33.022,27,39
311,3,1,1,24,2,1,1,-1.0985,1.658,0.55783,2.9689,1.6563,25.43,5,25
312,3,1,1,2,1,1,1,-4.6821,3.8325,-1.6408,6.3416,3.0413,-81.161,29,36
312,3,1,1,2,2,1,1,-1.355,2.666,0.57898,3.5876,1.934,28.615,29,36
312,3,1,1,5,1,1,1,-10.661,5.3961,0.94286,11.993,11.604,64.788,18,1
312,3,1,1,5,2,1,1,-2.8399,3.9895,0.76339,6.0664,3.6033,35.404,4,37
312,3,1,1,8,1,1,1,-1.4572,1.4664,-0.35826,1.6557,1.099,-17.963,15,36
312,3,1,1,8,2,1,1,1.8077,0.43557,0.44347,2.0817,-1.3642,22.057,49,3
312,3,1,1,9,1,1,1,-10.204,2.0815,-0.77338,7.8756,9.4303,-40.2,1,36
312,3,1,1,9,2,1,1,-0.79245,1.3636,1.2707,1.8255,2.0632,62.629,52,36
312,3,1,1,11,1,1,1,-0.12151,3.0539,-1.6189,5.5656,-1.4974,-89.638,1,36
312,3,1,1,11,2,1,1,-0.43527,0.44115,0.95295,1.6645,1.3882,48.287,42,11
312,3,1,1,18,1,1,1,-8.6263,3.2035,-1.0233,6.3845,7.6031,-49.767,32,48
312,3,1,1,18,2,1,1,-0.79838,2.0499,1.2162,1.8045,2.0145,59.381,52,35
312,3,1,1,21,1,1,1,-7.6084,2.1543,-0.25154,5.5812,7.3568,-12.603,16,36
312,3,1,1,21,2,1,1,1.1004,1.3599,0.51894,1.5675,-0.58144,24.542,51,11
312,3,1,1,23,1,1,1,-6.0909,1.9528,-1.0441,4.6683,5.0467,-57.505,1,36
312,3,1,1,23,2,1,1,2.1223,0.58363,0.32869,2.3763,-1.7936,16.494,42,8
314,3,1,1,1,1,1,1,2.5535,3.8248,-0.56418,4.3412,-3.1177,-33.623,1,38
314,3,1,1,1,2,1,1,-0.92895,2.2617,0.55369,1.8044,1.4826,29.568,30,45
314,3,1,1,2,1,1,1,7.3328,3.2441,-2.2501,4.1939,-9.5829,-117.08,33,12
314,3,1,1,2,2,1,1,-0.024637,0.7538,0.41879,1.3302,0.44343,19.547,4,41
314,3,1,1,3,1,1,1,1.1387,2.6734,-1.0566,3.8574,-2.1953,-56.29,1,39
314,3,1,1,3,2,1,1,-0.62571,1.889,0.26425,1.6007,0.88996,15.142,32,46
314,3,1,1,7,1,1,1,4.6404,4.2987,-1.0228,5.1672,-5.6632,-53.08,33,50
314,3,1,1,7,2,1,1,-0.37974,1.0984,0.47277,0.68688,0.85251,23.577,52,42
314,3,1,1,8,1,1,1,-1.0758,2.839,-0.90815,4.825,0.16764,-47.483,32,39
314,3,1,1,8,2,1,1,-0.11086,0.3952,0.60396,0.70833,0.71482,29.404,52,34
314,3,1,1,9,1,1,1,-0.5782,3.2292,-1.7188,5.0959,-1.1406,-88.031,1,39
314,3,1,1,9,2,1,1,1.1081,0.8244,0.44302,1.7276,-0.66504,19.373,52,30
314,3,1,1,10,1,1,1,6.4292,1.9483,0.30608,7.6151,-6.1231,2.6966,1,26
314,3,1,1,10,2,1,1,2.0148,1.2148,0.64396,2.9538,-1.3708,27.691,1,30
314,3,1,1,11,1,1,1,-0.05327,2.274,-0.70932,4.426,-0.65605,-41.417,1,39
314,3,1,1,11,2,1,1,1.1056,1.1513,0.83485,2.1824,-0.27074,39.478,51,27
314,3,1,1,12,1,1,1,4.9514,1.9104,-1.0906,5.9342,-6.042,-65.44,1,27
314,3,1,1,12,2,1,1,0.28456,0.911,0.13553,1.0824,-0.14902,5.41,34,28
314,3,1,1,14,1,1,1,0.97382,2.3925,0.46678,3.9243,-0.50705,19.945,1,39
314,3,1,1,14,2,1,1,-0.098611,2.2353,0.29761,2.2064,0.39622,17.767,29,50
314,3,1,1,16,1,1,1,-0.41002,3.5854,-0.83081,5.8399,-0.4208,-38.178,32,51
314,3,1,1,16,2,1,1,-0.32011,1.4073,0.60349,1.2852,0.9236,31.937,32,1
314,3,1,1,17,1,1,1,-0.35299,3.4242,-0.81861,5.1859,-0.46561,-40.673,33,40
314,3,1,1,17,2,1,1,-0.87496,1.7037,0.40968,1.5537,1.2846,22.436,32,49
314,3,1,1,19,1,1,1,2.4971,4.2483,-1.1171,5.1373,-3.6142,-54.648,33,40
314,3,1,1,19,2,1,1,-0.73394,0.8717,0.40612,0.59822,1.1401,20.399,32,40
314,3,1,1,22,1,1,1,2.7397,3.071,-1.9734,3.9229,-4.7132,-103.79,33,39
314,3,1,1,22,2,1,1,0.90089,0.98128,0.7054,1.8523,-0.19549,32.66,52,30
314,3,1,1,23,1,1,1,2.2584,3.8692,-1.9764,5.4518,-4.2348,-103.25,32,39
314,3,1,1,23,2,1,1,-2.156,1.6307,1.0394,1.8808,3.1954,53.79,32,40
314,3,1,1,24,1,1,1,2.5634,3.2589,-2.4634,4.4178,-5.0267,-129.95,2,39
314,3,1,1,24,2,1,1,1.1707,0.87308,0.56851,1.8866,-0.60221,25.442,52,28
315,3,1,1,7,1,1,1,0.75691,3.028,-9.5099,3.0459,-10.267,-488,1,49
315,3,1,1,7,2,1,1,2.7359,1.4208,0.99763,3.3213,-1.7382,47.436,52,11
315,3,1,1,11,1,1,1,-9.105,3.1309,-2.4699,8.8432,6.6351,-123.55,17,39
315,3,1,1,11,2,1,1,4.1652,1.2875,0.83827,4.5146,-3.3269,39.014,46,17
315,3,1,1,12,1,1,1,-5.9159,2.2452,-4.5031,5.2138,1.4128,-229.78,1,39
315,3,1,1,12,2,1,1,3.1609,1.3898,1.8859,3.5228,-1.275,91.891,52,13
315,3,1,1,14,1,1,1,-3.6754,3.1472,-5.0848,4.1018,-1.4095,-258.04,31,39
315,3,1,1,14,2,1,1,-0.85276,0.78915,0.77681,0.91348,1.6296,39.124,7,40
315,3,1,1,18,1,1,1,-6.3148,3.3704,-3.5782,4.8748,2.7366,-178.16,18,51
315,3,1,1,18,2,1,1,2.2566,1.9309,0.66074,3.3033,-1.5958,27.75,52,18
315,3,1,1,23,1,1,1,-8.448,3.4035,-3.1815,6.2438,5.2665,-159.3,17,51
315,3,1,1,23,2,1,1,1.7911,1.2537,0.87457,1.9399,-0.91658,41.015,49,11
315,3,1,1,24,1,1,1,-9.157,5.0482,-3.8012,9.804,5.3557,-190.14,16,40
315,3,1,1,24,2,1,1,4.4455,4.1126,1.0811,5.748,-3.3645,50.477,45,18
316,3,1,1,1,1,1,1,-8.2844,1.9559,2.2919,9.4742,10.576,119.96,20,37
316,3,1,1,1,2,1,1,-1.4161,1.7491,-0.14787,2.2491,1.2683,-10.431,1,32
316,3,1,1,2,1,1,1,-14.921,3.4196,4.7664,17.621,19.687,251.24,22,50
316,3,1,1,2,2,1,1,-8.8882,3.5592,1.0771,9.7942,9.9653,52.488,4,35
316,3,1,1,3,1,1,1,-8.8354,4.1882,2.2721,9.1549,11.108,120.34,24,43
316,3,1,1,3,2,1,1,-1.4748,1.5438,0.045297,2.4224,1.5201,5.2745,32,52
316,3,1,1,4,1,1,1,-13.898,4.9221,4.1322,15.461,18.03,221.48,20,49
316,3,1,1,4,2,1,1,-2.2129,1.3536,0.019471,2.4152,2.2323,-0.88047,6,41
316,3,1,1,5,1,1,1,-12.458,4.3914,4.9127,16.032,17.371,260.65,22,49
316,3,1,1,5,2,1,1,-4.2883,1.6066,0.32421,5.0132,4.6125,14.335,4,43
316,3,1,1,6,1,1,1,-12.367,8.2525,3.3928,16.538,15.76,187.47,22,50
316,3,1,1,6,2,1,1,-4.0888,2.1241,0.66475,3.8169,4.7536,34.282,11,42
316,3,1,1,7,1,1,1,-24.083,6.0538,7.4802,27.549,31.563,396.01,22,50
316,3,1,1,7,2,1,1,-8.6468,3.1111,1.2903,9.5634,9.937,61.354,4,35
316,3,1,1,8,1,1,1,-1.8793,5.9052,0.97546,7.8694,2.8548,58.782,31,51
316,3,1,1,8,2,1,1,-2.3369,1.3033,0.2762,1.5634,2.6131,14.393,17,42
316,3,1,1,9,1,1,1,-11.653,4.5033,3.3898,14.052,15.042,184.26,20,51
316,3,1,1,9,2,1,1,-1.9258,1.0555,0.52355,1.5118,2.4493,25.125,1,43
316,3,1,1,10,1,1,1,-14.305,4.2444,5.0044,17.242,19.309,265.34,20,50
316,3,1,1,10,2,1,1,-4.41,2.1526,0.45628,5.8884,4.8663,18.633,4,35
316,3,1,1,11,1,1,1,-6.1244,3.3572,1.4108,7.7807,7.5352,78.885,29,52
316,3,1,1,11,2,1,1,-2.5673,1.0674,0.69264,1.7745,3.26,35.255,9,43
316,3,1,1,12,1,1,1,-9.4888,4.1623,2.9269,11.376,12.416,159.32,22,50
316,3,1,1,12,2,1,1,-2.6836,1.2995,0.57147,2.9747,3.2551,27.634,4,43
316,3,1,1,13,1,1,1,-4.3655,4.1565,2.3112,7.731,6.6766,126.57,28,51
316,3,1,1,13,2,1,1,-2.2369,1.4693,0.057091,2.1832,2.294,1.3459,7,34
316,3,1,1,14,1,1,1,-3.7323,4.6741,0.89468,5.8952,4.627,41.433,2,36
316,3,1,1,14,2,1,1,-0.64548,2.897,-0.27035,2.967,0.37513,-16.63,46,34
316,3,1,1,18,1,1,1,-2.5088,3.1281,1.4394,4.5314,3.9482,79.281,19,50
316,3,1,1,18,2,1,1,-0.59118,1.062,0.27421,1.3421,0.86539,12.96,49,22
316,3,1,1,19,1,1,1,-6.6497,3.764,0.86556,6.4472,7.5152,49.787,28,50
316,3,1,1,19,2,1,1,-2.8602,2.2239,0.33541,1.9608,3.1956,15.434,52,42
316,3,1,1,21,1,1,1,-3.5673,2.8815,0.56342,3.9525,4.1307,30.356,18,36
316,3,1,1,21,2,1,1,-0.076028,1.2817,-0.062867,1.5502,0.013161,-5.2503,51,27
316,3,1,1,22,1,1,1,-2.504,5.6579,0.74717,7.6805,3.2512,41.678,25,50
316,3,1,1,22,2,1,1,-7.4262,4.9614,1.3636,6.409,8.7898,69.999,10,41
316,3,1,1,23,1,1,1,4.8622,6.7469,-0.52988,8.528,-5.3921,-28.094,41,7
316,3,1,1,23,2,1,1,1.2227,4.6771,-0.94645,6.1183,-2.1692,-53.369,45,20
316,3,1,1,24,1,1,1,-4.6733,5.2107,0.92687,6.5227,5.6001,49.866,27,35
316,3,1,1,24,2,1,1,-0.75858,4.3267,0.42974,4.2656,1.1883,20.044,15,49
317,3,1,1,7,1,1,1,3.3359,2.0112,-2.1806,5.0853,-5.5166,-113.36,48,22
317,3,1,1,7,2,1,1,-0.015798,1.2264,0.20252,2.2634,0.21832,12.78,27,52
317,3,1,1,11,1,1,1,0.0061372,2.0511,-0.55204,4.9184,-0.55817,-35.128,52,23
317,3,1,1,11,2,1,1,-0.85426,1.1737,0.44283,2.338,1.2971,24.918,32,6
317,3,1,1,12,1,1,1,-1.5228,2.1062,-0.24859,3.1932,1.2742,-15.173,2,22
317,3,1,1,12,2,1,1,0.37237,2.6322,0.34911,3.4808,-0.023267,23.107,37,52
317,3,1,1,14,1,1,1,-2.7474,2.7631,-1.6443,3.1017,1.1031,-86.199,1,37
317,3,1,1,14,2,1,1,-1.9546,1.4362,0.15509,2.5913,2.1097,9.95,30,40
317,3,1,1,17,1,1,1,-4.5992,2.8221,-1.5459,4.9647,3.0533,-76.278,10,42
317,3,1,1,17,2,1,1,0.54468,0.66977,0.049739,0.85994,-0.49494,2.1883,33,15
317,3,1,1,23,1,1,1,2.9643,2.7066,-2.2326,5.7652,-5.1969,-122.78,52,23
317,3,1,1,23,2,1,1,1.4244,0.88057,-0.067189,2.0841,-1.4916,-2.5542,36,6
317,3,1,1,24,1,1,1,-1.6713,1.716,-1.4189,2.519,0.25238,-76.578,1,41
317,3,1,1,24,2,1,1,1.1985,0.58928,0.47429,2.6189,-0.72423,23.556,32,14
319,3,1,1,4,1,1,1,-7.1539,4.7826,1.4345,7.9488,8.5884,82.997,30,38
319,3,1,1,4,2,1,1,-1.3121,3.1295,0.65672,2.6235,1.9688,29.156,52,38
319,3,1,1,16,1,1,1,-4.7466,6.1527,-3.3443,10.62,1.4023,-164.22,31,38
319,3,1,1,16,2,1,1,-2.3908,3.1556,1.8847,3.0226,4.2755,91.338,52,33
319,3,1,1,23,1,1,1,-3.0371,4.4901,-0.48521,4.7116,2.5519,-22.987,32,41
319,3,1,1,23,2,1,1,0.6313,1.1322,0.067106,1.715,-0.5642,1.7946,36,7
319,3,1,1,24,1,1,1,-4.2496,6.5035,-0.96747,7.1673,3.2821,-44.971,30,40
319,3,1,1,24,2,1,1,0.46796,1.8772,0.87039,1.3262,0.40243,42.872,37,35
324,3,1,1,1,1,1,1,-6.6357,9.2058,-2.8831,16.544,3.7525,-131.55,30,52
324,3,1,1,1,2,1,1,-6.4354,3.3264,1.9313,6.9756,8.3667,95.741,11,35
324,3,1,1,4,1,1,1,-2.2735,6.4748,-2.801,9.5789,-0.52756,-131.64,30,49
324,3,1,1,4,2,1,1,-2.1943,3.1519,1.2105,3.5797,3.4048,56.405,52,34
324,3,1,1,6,1,1,1,1.4242,6.6204,-3.8829,8.5615,-5.3071,-191.17,29,52
324,3,1,1,6,2,1,1,-2.8918,3.1262,1.3265,3.7998,4.2182,60.102,52,42
324,3,1,1,7,1,1,1,-8.1625,10.535,-2.9387,13.753,5.2238,-131.86,33,52
324,3,1,1,7,2,1,1,-4.5354,3.5091,0.34052,6.9965,4.8759,17.441,13,29
324,3,1,1,8,1,1,1,-2.2274,6.402,-3.146,12.537,-0.91866,-159.66,29,49
324,3,1,1,8,2,1,1,-2.6862,2.7158,1.7526,3.3625,4.4388,84.833,1,38
324,3,1,1,10,1,1,1,-23.053,15.428,0.21315,29.392,23.267,37.62,26,49
324,3,1,1,10,2,1,1,-1.6959,4.8175,-1.2639,11.359,0.43206,-66.049,7,29
324,3,1,1,12,1,1,1,-6.1471,9.1304,-1.886,14.557,4.2611,-75.723,33,49
324,3,1,1,12,2,1,1,-1.8435,4.2725,-0.99317,9.4761,0.85032,-46.409,33,29
324,3,1,1,14,1,1,1,-6.891,6.6868,-4.1027,11.763,2.7882,-207.48,30,38
324,3,1,1,14,2,1,1,-2.9375,2.7939,1.379,4.6981,4.3166,67.956,16,35
324,3,1,1,16,1,1,1,-1.6402,5.0094,-6.0511,9.1133,-4.4109,-306.35,30,8
324,3,1,1,16,2,1,1,-2.6524,3.0375,1.8933,3.2369,4.5457,93.808,52,34
324,3,1,1,20,1,1,1,-7.1702,5.2418,-1.5492,11.959,5.621,-72.201,21,50
324,3,1,1,20,2,1,1,0.64206,2.032,0.58684,4.3861,-0.055212,23.692,4,16
324,3,1,1,21,1,1,1,1.0761,7.3105,-5.3497,10.338,-6.4257,-264.4,4,52
324,3,1,1,21,2,1,1,-0.23563,2.1909,1.8596,4.7646,2.0952,93.639,4,16
324,3,1,1,22,1,1,1,-2.6612,6.4617,-3.3958,9.2282,-0.73464,-172.42,17,49
324,3,1,1,22,2,1,1,-2.6175,3.935,2.1097,3.5765,4.7272,101.32,1,42
324,3,1,1,23,1,1,1,0.82126,4.3262,-4.5814,8.7958,-5.4026,-233.65,2,10
324,3,1,1,23,2,1,1,2.0446,1.8389,1.2742,4.3516,-0.77036,65.138,34,16
324,3,1,1,24,1,1,1,-1.2483,8.689,-4.593,10.928,-3.3446,-228.77,2,48
324,3,1,1,24,2,1,1,0.82708,5.5382,1.113,5.4384,0.28594,54.254,36,14
328,3,1,1,4,1,1,1,-10.278,3.5176,-3.0391,7.0669,7.2385,-151.87,21,43
328,3,1,1,4,2,1,1,-3.9391,1.8166,-0.82975,3.3719,3.1093,-44.129,8,33
328,3,1,1,5,1,1,1,-13.966,4.1475,-1.7096,13.42,12.257,-84.859,5,34
328,3,1,1,5,2,1,1,11.805,3.9945,1.7934,12.093,-10.012,82.398,41,7
328,3,1,1,8,1,1,1,-23.27,7.057,-4.7319,15.033,18.538,-236.79,9,43
328,3,1,1,8,2,1,1,0.41412,1.1122,0.72978,1.1996,0.31566,35.803,7,33
328,3,1,1,9,1,1,1,-11.826,4.0246,-2.3956,7.1199,9.4302,-121.14,23,43
328,3,1,1,9,2,1,1,8.2707,2.7471,2.915,5.891,-5.3556,143.08,52,20
328,3,1,1,12,1,1,1,-6.8594,5.6119,-2.8295,6.6073,4.0298,-133.21,21,51
328,3,1,1,12,2,1,1,0.99687,3.001,0.15905,3.003,-0.83781,8.6643,43,36
329,3,1,1,1,1,1,1,-0.85248,1.9962,-0.9919,4.686,-0.13942,-49.715,31,47
329,3,1,1,1,2,1,1,-3.6595,1.3431,0.16943,3.555,3.8289,9.7582,13,41
329,3,1,1,3,1,1,1,-0.51744,2.1628,-0.83438,4.3781,-0.31694,-42.962,31,52
329,3,1,1,3,2,1,1,-3.5211,1.506,-0.1285,3.8095,3.3926,-3.6267,10,40
329,3,1,1,5,1,1,1,-12.973,3.2961,-0.81263,15.64,12.16,-25.621,24,52
329,3,1,1,5,2,1,1,-3.753,1.6855,0.69951,5.105,4.4525,36.935,10,38
329,3,1,1,12,1,1,1,0.65895,1.4582,-0.84426,4.2006,-1.5032,-40.967,24,52
329,3,1,1,12,2,1,1,0.2225,1.3037,0.27166,1.341,0.04916,13.616,24,33
329,3,1,1,14,1,1,1,1.9023,4.614,-1.2109,4.9294,-3.1132,-70.118,1,33
329,3,1,1,14,2,1,1,-1.542,1.0528,0.18204,1.6103,1.7241,9.6563,13,40
329,3,1,1,20,1,1,1,-3.1285,3.3129,-0.75352,7.9356,2.3749,-35.861,15,44
329,3,1,1,20,2,1,1,2.2831,1.0979,0.49842,2.4093,-1.7847,21.111,52,26
